y_test,y_pred
7.647817481888637,7.158710967304963
7.170053304058364,7.216732159592193
6.644146364189457,7.237936048676306
7.107905397309519,6.460894685923997
5.664742743565468,6.232396514952787
7.221848749616356,7.226208647956113
8.744727494896694,6.097404607038404
6.0,6.2917496928635925
6.4089353929735005,6.541747354836361
7.431798275933005,6.569755505183008
6.349692476868063,6.222256192577822
6.924453038607469,6.529156881576914
5.304255724802676,6.986989516414642
7.241466577762713,7.311375764039836
6.52432881167557,6.6752022072345625
6.776763726897002,7.577735159612226
6.330404218975687,7.3118986320720065
6.113509274827518,6.364986263371927
9.299988937677888,7.3926136553634825
6.214670164989233,6.55732523947874
5.94692155651658,6.457783391984101
6.542118103266008,6.823162061062397
7.100015437450609,6.439304495585951
7.847711655616943,7.245412152156305
3.795880017344075,5.324475489524769
6.980883709552927,5.952831953510983
6.187086616631331,5.411778793163117
4.698970004336019,5.630040954659387
6.060001790087838,5.353263617113974
4.522878745280337,5.545104391787468
6.508638306165727,5.358370019837995
6.950781977329818,5.9542492756879355
6.040958607678906,5.3939616149514436
6.08539243222892,5.823284740910721
7.1938200260161125,5.777398431562825
7.790484985457369,7.384357256025748
5.01390037494487,7.312882290523527
6.723538195826755,7.312882290523527
7.540607512240769,7.312882290523527
7.8683813356508745,7.487451100104373
7.645891560852599,7.469718040736497
6.892790030352131,7.69253366357429
7.8683813356508745,7.698771284470924
7.853871964321762,7.468174412789443
7.645891560852599,7.640474776012658
7.920818753952375,7.57850340293348
7.823908740944319,7.57296062181337
7.698970004336019,7.510098023341393
7.414539270491499,7.562187086508161
7.434270212168873,7.41377807447679
7.853871964321762,7.593050551004683
7.6777807052660805,7.496434745379929
7.6777807052660805,7.602709160599615
6.79317412396815,7.459365616422303
7.939302159646388,7.669768874779737
7.200659450546418,7.506525244106726
7.11690664142431,7.529829014771204
7.6252516539898965,7.589452588016622
8.0,7.474601336817639
7.29929628285498,7.3437312253936105
7.638272163982407,7.5162599399937795
4.853871964321762,5.503792747600549
7.0,6.3981632150037315
6.699991797446187,6.333919119214898
7.0,6.2642953231578
6.0999990348465305,6.211962029250519
6.314258261397736,6.233141273150234
4.71858025984601,5.849310505028269
6.801342913045577,7.156676072369386
6.461753115328017,6.377568753793259
5.899998417198648,6.069840347007799
6.399996913372259,6.141862515521149
7.096910013008056,7.025648290615955
6.136677139879544,6.283203889762011
7.414539270491499,6.231950200714441
5.377889639638781,6.529420286523325
6.866461091629782,6.405348271903431
6.826813731587726,6.45756407879879
6.369048642800269,6.845176824183741
6.178951802370605,6.845176824183741
6.58838029403677,6.403630862534221
5.400007822415902,6.646039459711486
8.190440285364732,7.1327902731858615
8.318758762624412,7.081293560566497
8.221848749616356,7.254852247428218
8.2839966563652,7.621026940987778
7.552841968657781,7.621026940987778
7.359021942641668,6.660874123406939
7.958607314841775,7.48371402932251
8.221848749616356,6.499217598925527
6.299997602857746,5.609116533298267
6.900008766455315,6.138891668854235
7.299988937677888,6.125286245067595
6.188585873731878,6.253143302832327
6.599997654072045,6.253143302832327
7.199970640755866,6.242697677886663
7.0,6.5845515223219415
7.199970640755866,6.344101077885999
7.299988937677888,6.147941054587255
6.0,6.275759610579612
6.888771101765844,6.925073030221092
5.899998417198648,6.492333741103489
6.022276394711152,6.121073763431445
6.7258421507363195,6.249126982468217
7.110362199593332,7.24342995212638
5.774432286560529,5.929892870561354
5.555642874343972,6.209569543660701
7.997833938243492,7.66338114403141
6.191569571324514,6.3364894060459065
8.244125144327509,7.711202059579883
5.790644524150208,5.805874032651769
8.045757490560675,7.678518447245541
7.431798275933005,8.120727086635167
5.660151216962364,6.949932540903485
7.920818753952375,7.54193842684866
6.777283528852417,7.502226350512134
6.767003889607846,7.5318515406376925
7.494850021680094,7.7786467075416645
8.008773924307505,7.664519252424257
5.801342913045577,7.527792422671362
7.232844133917819,7.523334643325638
7.154901959985743,7.611654709893776
7.423658649794207,7.52867500471853
6.694648630553376,7.424533556366608
7.007004901568658,7.624680306667175
6.935542010773082,7.733456083110418
7.774690718274137,7.625233343575988
7.404503778174426,7.65230571792859
7.0467236633326955,7.575544850561226
5.443697499232712,7.497644346987455
7.259637310505756,7.886607900805677
7.45717457304082,7.639860507652204
7.142667503568731,7.6703564610713855
7.234927798897208,7.355802759562466
6.0999990348465305,6.194255964047367
5.525273957819883,6.18125464628313
7.087246696328677,6.297947503135653
5.945770090136603,6.549663646838574
5.838033383635925,6.47486932044145
5.154901959985743,5.836013042542891
5.698970004336019,5.836013042542891
6.069050968832477,6.064568827004212
6.0347982989740885,6.203270277364769
9.154901959985743,8.162835477502579
9.0,8.162835477502579
6.449465913400493,7.137374984381022
7.0,7.554850401851601
5.119186407719209,5.583303663362819
6.484126156288321,6.949003219892146
7.318758762624412,7.904122910074975
8.080921907623926,7.6993812506678845
6.435333935747911,6.310821647795875
5.119549995781876,5.091139399570702
6.7447274948966935,6.70075638148811
6.742357417877654,6.711819898840151
5.309803919971486,5.6301992001557375
5.93255715722362,6.139021993898531
7.001522696963494,6.849549539739047
6.896196279044043,7.1726462918205
8.500038134403809,6.545643395738799
6.698970004336019,7.154347623743595
5.619788758288394,6.273302130096904
6.165579296318468,6.193744579758675
6.317854923626168,6.274154274254736
4.698970004336019,6.733351076462969
6.958607314841775,6.766613597309346
7.7447274948966935,7.848048967341932
6.199998172182031,6.557484191604483
6.199998172182031,6.833871512141152
6.0999990348465305,6.989518693400477
5.84163750790475,6.195790795892212
7.207608310501746,8.303829369039876
7.356547323513812,7.979517062098209
6.536107011014092,6.777331004272835
6.1438755557577,6.192409709199005
5.5168407902830205,5.872303445196673
4.58373671057197,6.604463957417222
7.214670164989233,6.44402675373379
6.599997654072045,6.203459326812638
5.886056647693163,6.123971544302743
8.97469413473523,8.925730786751988
8.838631997765026,9.100080180631421
7.8297382846050425,8.499195145094372
8.730487055782083,8.925730786751988
8.521433504406156,8.694899186012911
8.438898616350944,8.081940791135445
7.154901959985743,6.190509431640323
7.419531216048998,7.0122281318901685
9.207608310501746,8.509796296077505
9.522878745280337,8.63096847998787
7.508638306165727,6.772993041438717
6.154901959985743,6.193602981474097
6.371825715551676,8.729676569609907
8.698970004336019,7.398198685550485
7.7447274948966935,6.838428324783682
6.590066876668706,6.690136480103435
5.229810977264007,5.646032459082507
4.4470885497834916,5.338785934794806
7.5934598195660445,7.548000089671395
7.0400051616715835,7.0733680703332915
6.554395796726403,7.0733680703332915
7.136677139879544,7.0733680703332915
7.619788758288394,7.403802669858088
6.5951662833800615,7.071122734387999
8.224753740259764,8.221564925544882
4.738737131207507,5.495937060767097
6.823908740944319,6.006675338023827
6.552841968657781,6.1454183969126905
6.284832642151542,6.174773854389347
6.438898616350944,6.317490823076495
7.986320302708807,7.624270845363895
5.4590451910738675,6.543347350514787
6.243363891754152,5.9884740268725425
6.139997578098902,6.4664428094221025
6.468521082957745,6.4954175147445685
5.904481957676849,6.5991381173233234
5.886056647693163,6.050600439070029
6.499996931948306,7.292066455907923
7.869988050328096,7.272748503713408
6.399996913372259,5.974906682028812
7.50003813440381,6.492393146190138
8.400007822415901,6.541484952523633
8.199970640755865,6.503467143790205
7.299988937677888,6.457993815050325
6.799998134593398,6.514930891860535
7.299988937677888,6.5405420045233
7.199970640755866,6.3372518696078535
6.299997602857746,6.759304544792794
7.400007822415902,6.455855450039504
7.79997073344623,6.461178780053576
7.0,6.536558654893901
6.488116639021126,6.885797114931549
5.86359655186601,6.423378461559989
7.958607314841775,7.517726102255007
5.24603413413484,5.793644728119893
4.062396862236381,5.093403199302665
6.621602099051863,6.8615634294497045
6.585862637815524,6.425812439306732
6.0,5.993309495037098
7.3979400086720375,5.993309495037098
8.4089353929735,5.973717225802948
5.899998417198648,6.209268813494566
4.900000142057633,5.187444925839053
4.979535128924394,5.393972543714077
4.809879476319096,5.1726700496266576
5.360015751958411,5.187444925839053
5.500312917381596,6.4874290211254
8.721246399047171,8.610418427139237
7.209996479609511,7.250683508213412
6.015922966097169,6.495111393518649
5.012155049828702,5.734532387629171
6.232844133917819,6.147216771086574
5.259637310505756,6.664826854273866
5.6595558851598815,5.9660870936718515
6.449771646944906,6.706499003873432
6.0400051616715835,6.706499003873432
6.920818753952375,6.863946482521754
7.180456064458131,6.443669241686505
7.494850021680094,6.726357942764149
6.718966632752272,6.726357942764149
6.432973633840939,6.443669241686505
7.167491087293763,7.001564788402024
8.229147988357855,7.001564788402024
4.9677842967020185,6.09500812646067
6.521505652339192,7.058314500069878
4.920818753952375,6.054919800747084
4.823908740944319,5.926428057007102
4.920818753952375,6.001957166507692
6.818156412055227,7.799036189678003
5.0339521789235455,5.193378265189185
6.079156926237586,7.072502103110909
7.769551078621726,8.31937723311753
8.769551078621726,8.452713933603818
8.259637310505756,8.35023531127304
8.455931955649724,8.252613925322311
8.585026652029182,8.387696807035015
7.173925197299173,7.051619713752515
8.2518119729938,8.635997308932742
8.568636235841012,8.30865256197529
6.701583619938706,7.112876834457581
6.674279141980588,7.157929999408768
6.644740094472621,7.2056276361301475
6.7383803234520645,7.038396114000702
5.917214629683549,6.093575259762626
5.991399828238082,6.078231210974227
7.169989064063882,7.492325863908848
7.700057099977233,7.418267907851635
7.286509456906058,7.307997383836391
6.468521082957745,6.682198672958242
6.667561540084394,6.858221028486427
6.450004148469349,6.217009951627653
6.449771646944906,6.439411017003645
6.1249387366083,6.336002500344774
6.508638306165727,6.262448681821091
8.761953896871205,8.642498002840117
8.978810700930062,8.482654252468242
9.494850021680094,8.642498002840117
5.019999811738259,5.850316850475201
6.346787486224656,6.1271552520821855
6.036448266425904,6.596832283470675
5.769551078621726,6.033863101673962
8.015472686656206,7.338806583293878
6.596879478824182,6.71584327566337
5.981480495077532,6.0941002343167945
6.920818753952375,6.579894470056775
8.899974269892137,6.184819320542638
7.080921907623926,6.371009481447625
7.3872161432802645,7.379486169493037
9.853871964321762,6.551336765548128
7.924453038607469,6.504340393314041
8.207608310501746,6.477664378725845
8.443697499232712,6.504340393314041
7.673664139071248,6.477664378725845
6.769551078621726,6.93260212607717
6.354086724966155,5.7266945570579235
7.494850021680094,7.469513956362412
6.189767482004916,6.4204805664017455
6.39040559077478,6.476373484292488
6.209714835966759,6.550360352106109
5.92009553233328,6.198914586777912
6.010105436281227,6.198914586777912
5.6399749108106025,6.2581541430475855
5.649945906420969,6.4204805664017455
5.92009553233328,6.550360352106109
6.309803919971486,6.40375552171848
6.209714835966759,6.4204805664017455
6.349692476868063,6.550360352106109
8.537602002101044,7.3703804222751925
4.310486919511919,5.907742256566799
7.0,6.055858972283549
6.107905397309519,6.043651658927918
6.723538195826755,6.669890856826589
5.3872161432802645,6.166736719931114
5.809668301829708,7.010218099660018
6.113509274827518,6.322484842263492
6.958607314841775,6.920442360170465
8.0,7.115753410474948
5.823908740944319,6.120420943505996
6.0999990348465305,5.784589135928092
6.568636235841012,6.984110249208159
5.830913642512977,6.609706183888842
7.187086643357144,6.66329496952914
5.359220522655143,5.219946302403197
4.788398955854761,5.685393037358735
4.148344239627195,5.1936939299725084
7.096910013008056,7.069328498427776
8.096910013008056,7.092106696360284
5.42423501946328,6.830299132465544
5.726304412069908,6.932793793069442
6.399996913372259,6.337862637576934
6.499996931948306,6.407925313586494
6.399996913372259,6.426215714119978
7.4089353929735005,6.388913714139743
5.795880017344075,6.055487772588117
5.920818753952375,6.055487772588117
5.853871964321762,6.002575091765807
6.3979400086720375,6.354059228275307
5.795880017344075,6.041859115877841
5.958607314841775,6.010210367048715
5.920818753952375,5.978140229073249
6.619788758288394,6.282796240821481
6.0,6.059294628789752
5.7447274948966935,6.080924630693972
6.0,6.067673181929182
7.657577319177793,7.803540483371202
8.301029995663981,7.782851604031125
7.823908740944319,7.799409342814588
8.221848749616356,7.851304002873374
5.7447274948966935,6.761622810541607
5.835647144215563,5.582946296773437
8.769551078621726,8.272025708479587
6.735182176990463,6.409968082045176
5.0,5.9957778022891155
7.453457336521869,7.664772982487492
7.82102305270683,7.392303449822782
7.366531544420414,7.5678154675214735
7.040958607678906,7.724031721568503
5.662740460249724,5.896956279449406
5.28408018256642,6.051877394913394
5.363111093016201,6.00990560471578
6.950007143079858,6.5893904777379895
4.903089986991944,5.188369214845498
4.638272163982407,5.464305520342235
4.170696227168975,4.7146694764299895
5.530177984021837,5.4943223193746995
4.356547323513812,5.3627153554981515
4.23284413391782,5.273764377177104
5.430000267796055,5.543555762153445
5.119999756699334,5.603709991574663
5.337242168318426,6.149114277978637
4.139661993429006,5.105972982110161
4.559999953221535,5.182455180553482
5.029188389127482,5.456150811130305
4.3320803146826385,5.33598545168594
6.782516055786093,6.675599264920374
5.309803919971486,5.431973401251039
5.494850021680094,5.224745065203438
7.09366495819491,7.305899649914604
6.66354026615147,6.785123986584712
7.262012673666569,6.326429653799766
6.7594507517174005,6.464145619942102
6.337242168318426,6.290513274340175
5.915423722065669,6.244122166906906
7.351639989019068,6.810144334260294
6.197226274708024,5.703815710947135
6.049635145623877,5.830515830765031
4.220749928182428,4.948412492462343
4.603138379397685,6.099621545116553
5.4381833356810425,6.2561726465173555
5.336864685042245,5.96974677284151
6.436518914605589,6.31752409964998
6.442492798094342,6.401613367657127
6.291579099865287,6.419284919040445
6.586700235918748,6.270096095783665
6.029653123769906,6.329945373288609
6.538351431936545,6.3019471022794615
5.009128595198514,5.4982459547067695
4.243356285962926,6.585753893487261
4.962772765417726,5.187350111821795
3.979443991541845,5.331174054422124
5.124880834537432,5.444006453342948
4.67423811468077,5.577400128945036
5.934793871945688,5.61431394196961
4.7069912133414356,5.444414935488249
5.19524739784954,5.342399734576091
5.2869296741443605,5.287364206924254
4.185559279423409,5.512541430336263
4.706526951843892,5.281281090659163
4.802223388728613,5.349900275380552
4.915888648059323,5.320571037499846
4.856860240895409,5.472326372502862
5.247951552180561,5.265257260686532
4.580821061438942,5.365631101980958
5.675306086138225,5.336377444921676
4.75461072882879,5.445607512464729
6.594380477156647,6.464784470917843
4.508638306165727,5.6001842133610005
7.113509274827518,6.830014074008841
7.327902142064282,6.80844143629784
7.102372908709558,6.649341416941753
6.700057099977233,7.327062421162521
7.399027104313252,7.125143716932384
7.329754146925876,6.9548081984221035
6.481881052856847,6.944165878765407
6.351737594251956,6.946669507449091
7.136677139879544,7.4442991166071115
6.299997602857746,6.463284488364072
6.699991797446187,6.583650142616151
6.096910013008056,6.328458961061603
6.900008766455315,6.479707759382302
6.299997602857746,6.132774798142493
5.800000874803203,6.516416153291951
7.0,6.619013254733194
6.0,6.421783296207812
5.008773924307505,5.990932082584196
5.113509274827518,5.497347823035752
7.086186147616283,6.7343078831949255
8.275724130399212,7.752554218382393
7.42021640338319,7.466999113478982
8.096910013008056,8.043140064234677
5.983384452442823,6.153314355261692
6.399996913372259,6.669322711813162
5.426432226960781,6.35911446532946
5.119186407719209,5.785406953438442
6.7495799976911055,6.830477916953772
8.148741651280925,7.315075838009962
5.961578554357541,6.589049453687811
6.079417566530781,6.307754718889879
5.2442775550965415,6.048189194959988
7.619788758288394,7.082309798924002
4.903263739537532,6.228037706183846
6.6595558851598815,6.632526375543664
6.512861624522813,6.557206167040887
6.061980902523789,6.7185140174268785
6.266802734893431,6.611492948029853
6.552841968657781,6.477646173062943
6.428291168191312,6.7904660564081425
7.283746174103963,7.83961180809875
6.410050398674292,6.4330263681732625
6.610833915635467,6.537581925628107
6.3585258894959,6.574760385004038
6.96657624451305,7.454409951331204
5.534617148551582,5.552479136642654
7.455931955649724,6.276284942372256
5.384470776362868,6.170372560676182
5.715343717211484,6.4987240625706635
5.653647025549361,6.293372701701416
5.580209413893638,5.929535293062305
7.139661993429006,6.592701085216923
6.251811972993799,6.644535695539113
5.774690718274137,6.60051389774344
6.325138859262188,6.3585110804357
7.557520230935552,7.458334070260994
9.769551078621726,7.3711822838996115
6.129011186239424,6.853830280622343
6.120904120499928,6.455756933228847
4.787333071206577,6.83121453605933
4.562899780578338,6.379288229481456
4.919157141165439,6.923823703197293
6.772113295386326,7.127501464036194
5.462306805632609,7.218110240509384
6.583359492661719,7.094106779159236
7.199970640755866,7.044222589989906
4.602164234513302,6.395208186940881
5.323032185705241,6.425816865136423
7.413412695328245,7.310188091410153
5.737074530668169,6.8615617937809965
7.031984286006358,7.2636464848050055
6.853871964321762,6.801846441254572
5.688458041598805,6.659273702214091
5.073966403321156,6.581897161044523
6.721246399047171,7.16946335268294
7.001304841688344,7.209184893151209
5.2168113089247425,5.478871695274747
6.808269606637143,6.5197689322957935
8.173925197299173,6.835258500894163
7.402853512166304,6.731213349047744
6.96657624451305,6.731213349047744
7.107905397309519,6.9079076063856455
7.301029995663981,6.9079076063856455
7.031517051446065,6.5197689322957935
8.387216143280265,6.731213349047744
8.154901959985743,6.835258500894163
6.661543506395395,6.5197689322957935
8.070581074285707,6.835258500894163
7.229147988357855,6.731213349047744
7.301029995663981,6.9079076063856455
7.7447274948966935,6.9079076063856455
7.6020599913279625,6.764429146311436
7.0385789059335515,6.731213349047744
8.070581074285707,6.835258500894163
6.815308569182401,6.764429146311436
7.113509274827518,6.835258500894163
7.229147988357855,6.731213349047744
6.007004901568658,6.661457624740419
5.989276134608227,6.076408287361673
5.231657941355467,5.929961524786275
6.2549252084179425,5.768838077505926
6.060480747381382,5.948883061623592
7.431798275933005,6.862301007770803
8.0,7.0206023184422435
8.853871964321762,7.865817946867337
5.903089986991944,7.077742164418275
7.376750709602099,6.8912046767557325
7.6777807052660805,6.8960033310881625
6.555955204081924,6.827130898147352
6.96657624451305,6.676552829872445
6.8794260687941495,6.814819520272322
8.183758700008218,7.206046272953404
5.958607314841775,7.002325234146902
6.360513510731414,6.400096436997805
6.356547323513812,6.035975238817785
6.638272163982407,6.297637395141506
6.4736607226101555,6.269575888879102
6.583359492661719,6.202791089573263
6.399996913372259,5.99980887032377
6.301029995663981,6.38693663276095
6.522878745280337,7.120586298536251
6.42021640338319,6.347364477360156
8.425968732272281,6.623018928268496
8.744727494896694,6.76300948218375
7.339988778710669,7.296018068387899
4.920000156997057,5.960928898833676
7.157390760389438,7.183012449337253
6.5934598195660445,7.221841147772658
6.585026652029182,7.176154978801732
5.789949150124863,6.221183916586168
5.6777807052660805,6.512134290050933
7.823908740944319,7.305016200845303
5.265200170411153,5.794653592597027
5.9343829442731275,6.435232827864821
5.869988050328096,6.435232827864821
6.835647144215563,6.411590191302923
6.671620396561263,6.402904858297304
7.119987161633228,7.018380916572961
8.419987887470576,7.370572287417704
6.149997413907538,6.187416102344233
6.455931955649724,6.634143928050766
4.874518734299406,5.9353444756468985
6.787812395596042,6.079072649262692
6.011887159731648,6.341780622005411
6.197226274708024,6.180272212552742
6.605548319173783,6.266186027068316
6.03810452633215,6.271953469524475
6.982966660701219,7.250116089938979
7.026872146400302,6.889924780631476
8.0,6.605965681581652
7.460046158343603,7.543067390866696
6.909988975992853,7.433584001574827
7.795880017344075,7.6487587172729015
6.6777807052660805,6.978667334884331
6.706637445288555,6.3775286685816255
7.267606240177031,6.656050465703063
6.204119982655925,6.369690801714896
6.688246138944246,6.237397054814606
7.657577319177793,6.295332205870146
6.435333935747911,6.384855335676877
7.2839966563652006,6.267882808309504
6.200659450546418,6.3997654804259225
6.211831628858832,6.293531075133286
7.6020599913279625,6.316027252770288
5.769551078621726,5.907109356616052
6.94692155651658,6.374062443783931
6.262012673666569,6.2653077376476105
5.909741947068683,6.178706243067688
6.96657624451305,6.224423955562707
7.700057099977233,7.173427860364757
6.599997654072045,7.097941368760297
6.199998172182031,6.389478079654693
6.699991797446187,7.0075984980177
6.900008766455315,7.221701410081968
6.900008766455315,7.018581559170826
6.0,6.311919300683426
7.185752404268079,7.970377196154413
6.572676213642753,6.448169998538937
9.853871964321762,8.523202037274732
10.154901959985743,8.038202069652773
6.638272163982407,6.808816825487462
6.958607314841775,6.655585303523852
7.214670164989233,6.860364946829406
5.829999526735649,7.478870978113641
6.229147988357855,6.599315932241275
7.086186147616283,6.963130884475009
4.267606240177032,6.475434271044024
4.853871964321762,5.643628444028229
6.279997898282849,6.166465830396788
7.42712839779952,7.0743046754413035
6.127261172527332,6.4717488517561765
6.522878745280337,6.4717488517561765
6.1234934957341185,6.4717488517561765
6.484126156288321,6.411023482635614
6.66354026615147,6.357273485824596
6.375717904164332,6.408279878628284
6.279014255846261,6.33628163699384
6.51999305704285,6.481853838863498
6.638272163982407,6.209090596620917
5.639999555020352,6.925413167872764
6.470005326930858,7.126039168113883
6.959991363986458,7.139953283012662
6.799998134593398,7.132332747290341
6.850011543508524,7.135436429728759
7.621602099051862,7.540061724129892
7.661543506395395,7.523389719550686
7.372634143407267,7.515465130109405
7.804100347590766,7.302303921207606
6.6595558851598815,6.563560408899146
7.275724130399211,6.702177603224128
6.924453038607469,7.265780360588471
7.275724130399211,7.208600830909814
6.694004117229195,6.928691218983564
4.669586226650809,5.840334754606834
6.050122295963125,6.54588713419471
6.8794260687941495,6.562152793754584
4.943095148663527,6.068640958323641
6.6595558851598815,6.562152793754584
6.607303046740334,6.54588713419471
7.120330794367947,6.562152793754584
7.555955204081924,6.937365291931988
4.723538195826756,5.840334754606834
4.681936665037238,5.840334754606834
8.259637310505756,7.506798385032574
8.165579296318468,7.185126343628469
4.966576244513051,6.068640958323641
4.8696662315049934,6.068640958323641
7.095825631715837,6.54588713419471
6.52201102374911,7.245046728359918
6.823908740944319,7.097263362843355
5.823908740944319,6.1186211348576425
5.89866542677982,6.12985438733167
6.0387213209149575,6.12985438733167
6.06656333217372,6.12985438733167
6.033154576345083,6.027757159707447
5.539102157243452,6.264233590642316
5.4931609193479,6.9087972269599165
6.259637310505756,6.607662405735057
5.0385789059335515,5.498015784907999
6.958607314841775,7.62818179213391
5.95999928552668,6.458281475981015
5.839999931118699,6.33388916932247
5.290000325166602,6.067375264318066
6.859995049380551,7.152182723362572
4.619999985338959,5.853677414804603
6.020001176026261,6.322125307072063
5.59999938302362,6.041526701368638
7.26003230324049,7.248543540627003
4.68000002720016,5.796202174494579
6.260000690598032,6.853700313524733
7.090016305060156,7.16049872968382
6.450004148469349,7.0927734351719876
5.509999358109048,6.054264261901985
5.259999900311453,6.144423468290601
6.879985747921933,7.121249338110065
6.119998611678231,6.46621382984894
6.399996913372259,7.1624136200301205
5.259999900311453,5.870140967253897
4.330000038335378,5.997170137684723
5.390000296157769,5.946097561253875
4.530000033355806,6.02126767480269
5.499999678657065,5.985319195524411
5.489999539566098,6.081658309767182
5.762798202276909,6.553288247316459
8.045757490560675,6.190125591931507
5.899998417198648,6.3523170509049915
8.585026652029182,7.835251983751326
8.346787486224656,7.689825499274906
5.657577319177793,6.800601020799362
7.920818753952375,7.685408671750599
6.55129368009492,6.395563432511499
6.158015195409886,6.560845024987536
6.747146969020107,7.364784904734491
6.774690718274137,7.129880366007636
8.940058111938045,6.736225425211434
5.919734372660155,6.831556499624744
6.288192770958808,6.329779782359879
6.85078088734462,7.188847476288571
6.565431095965801,7.168390819530411
7.031517051446065,6.526683296924495
6.150288902169578,7.219708966375232
8.468521082957745,7.641710043954249
9.0,7.631578540415734
7.913640169325252,7.793462363027218
6.823908740944319,6.302082058896925
7.903089986991944,7.805569871694566
7.259637310505756,7.0003485114691095
6.207608310501746,6.224036793992559
6.13097373841318,6.14146472114825
4.8696662315049934,5.622054277852814
6.825940192274975,7.1558652972977965
8.580044251510243,8.529052611011306
8.301029995663981,7.692705819829724
6.098541678603888,6.772918040961095
7.899974269892137,7.428069823635873
6.021363051615525,6.29052000306988
7.585026652029182,6.854933168327849
6.856985199745905,6.891682764129791
6.504455662453552,6.337332154049884
6.679853713888946,6.203869252690124
6.782516055786093,6.230988201425897
7.050609993355087,6.048698607691861
6.657577319177793,6.342345051223648
6.6968039425795105,6.097048389667995
7.287350298372789,6.7542802617807185
6.013228265733755,5.924203363233755
7.795880017344075,7.960432276143547
8.397940008672037,7.960432276143547
6.609064892896621,6.756473190787762
6.330683119433887,6.559231523079121
5.686132779630847,6.448010942509688
5.94692155651658,6.328639373776115
5.570247719997592,6.374151009419544
5.411728293157671,6.473071411655914
6.399996913372259,6.8641061659699565
8.080921907623926,8.788168165284175
5.823908740944319,6.296592087984644
5.762205006726077,6.191511286679136
6.613322716039162,6.595422302225623
6.579994715040948,6.735205366516973
5.740000204918113,5.605083194297326
6.619788758288394,5.921465807576353
8.744727494896694,8.708093010329655
8.795880017344075,8.601157494640024
8.468521082957745,8.622197067433772
8.200659450546418,8.618185750120137
8.698970004336019,8.555986307275111
8.337242168318426,8.559651024856933
8.309803919971486,8.566689527274775
5.998266287190999,6.835989421803319
4.698970004336019,3.530632134672769
8.698970004336019,7.414600908341056
6.245651664288982,6.142431367531793
6.207608310501746,6.029176923454819
5.308211475597302,5.573722130139339
6.809668301829708,7.390450862170095
7.7447274948966935,7.673423890603425
7.261219441515631,7.2236969043324635
5.781464494783473,6.712368487072102
8.017728766960431,7.478898318582913
7.560667306169737,7.42927920741998
4.533132379645891,5.386762454594324
7.075720713938118,7.297468547121489
7.182434630440219,6.483627304289335
7.165579296318468,6.364584983521985
6.756961951313706,6.364584983521985
6.931814138253838,6.55365920054533
6.935542010773082,6.483627304289335
8.327902142064282,7.55787959503609
6.2839966563652006,6.589172746774867
5.478208350360877,6.438556580423082
6.499996931948306,6.462244230627248
5.92940068572909,6.933018676494492
6.499996931948306,6.512004333447316
6.782516055786093,6.5947026751441715
6.499996931948306,6.640236641233351
7.410050398674292,5.774031018183603
5.835349784065704,6.28403670241754
6.313363730737707,6.246469693740956
5.582030357785262,6.297661573243081
5.417028070895194,6.271295724386194
5.817585347565446,6.415824213563659
6.017728766960431,6.370550071567928
6.022276394711152,6.380306937937854
6.481486060122112,6.920550190425004
6.299997602857746,6.33343563433105
6.431798275933005,6.449763799093589
6.853871964321762,6.1729486199762365
7.823908740944319,6.068804454357459
8.214670164989233,5.790409478977942
7.823908740944319,6.229353884697186
5.9222688203476075,6.071589188333633
6.023191662661934,5.914599859734185
6.732828271596986,6.050490644135879
6.709965388637482,6.176344123036338
7.167491087293763,6.176344123036338
6.5951662833800615,5.950143137150126
7.2839966563652006,6.050490644135879
5.943095148663527,6.050490644135879
6.008773924307505,6.176344123036338
5.764471553092451,6.268475165028684
6.037157318798758,5.93071733475138
5.30076949711659,5.613477103574787
5.058041583469187,5.4496886027640175
5.408156588775215,5.542511263469072
6.492144128304169,6.992869221286985
5.673664139071249,5.842250080887726
6.2541448048262716,6.846866487779322
6.97061622231479,6.270161209748878
7.2839966563652006,6.406316210888561
6.346787486224656,6.074519814746355
6.958607314841775,6.282914710102198
7.42021640338319,6.241570955487389
6.045757490560675,6.2804732397466605
7.251811972993799,6.282833447387089
7.585026652029182,6.21578313829643
6.537602002101044,6.401216792509164
7.022276394711152,6.37086364261943
5.886056647693163,6.379682734582724
7.086186147616283,6.139945521727453
7.221848749616356,6.285380125984329
6.769551078621726,6.29859135810551
7.136677139879544,6.384593316234526
6.657577319177793,6.597965636011101
7.501689446210399,7.436171454496233
8.260427655549908,7.731275146834947
8.58335949266172,7.586493085377485
8.454692883534175,7.503911540164769
8.210419287835574,7.524878591180681
8.478861916295964,7.729122040446631
8.454692883534175,7.5651645203933064
7.982966660701219,7.223909632919999
7.012043408872352,7.913798336481388
6.118735204500402,6.516643709806031
6.525783735923745,6.564516628298655
5.393188853081036,6.357815773991046
5.272458742971444,6.314129431022051
6.022050163362579,6.529181580393204
6.122461649905171,6.731068158324999
5.5877915341183195,6.456046016651662
4.7447274948966935,5.665635169991118
7.414539270491499,7.572279447330805
6.97061622231479,7.263278929487243
6.552841968657781,7.287141041355825
5.008773924307505,5.967806226600964
8.522878745280337,6.751472370653194
8.236572006437063,7.151090470125331
7.698970004336019,6.345049728228455
7.481486060122112,6.148620892111993
9.397940008672037,7.498460169218483
5.8523236757589014,5.92340792107665
5.031423664824502,5.971677940019451
6.599997654072045,7.064334211604389
5.59999938302362,6.628698454530112
6.699991797446187,7.059099897156807
6.299997602857746,6.838393074732449
6.499996931948306,6.65148736882857
7.903089986991944,7.917543023781718
6.823908740944319,7.583646889188858
7.913640169325252,7.8712186746484685
7.026419607159294,6.764107490501887
8.113509274827518,7.839856411240874
7.995678626217357,7.498694859998041
8.3767507096021,6.639134856948772
8.3767507096021,6.434688276927661
8.638272163982407,6.5822488539961554
8.602059991327963,6.534102559976219
8.318758762624412,6.731344862623832
8.42021640338319,7.081757904302218
9.045757490560675,6.780455862741734
9.045757490560675,6.9469544046250915
5.855114581712858,6.9382363388985295
7.860120913598763,6.985500345828489
7.557520230935552,6.776029396090914
9.045757490560675,6.613506409324542
6.752026733638193,6.378730657795516
6.0034883278458215,6.709571172064344
7.080398976215889,6.443140097508486
6.701146923590294,6.323647496224686
7.221848749616356,6.193083208383733
5.625251653989896,6.2918160615337255
7.166852888087215,6.619306130739475
7.8124792791635365,6.639474936595629
8.161150909262744,6.6715274904971364
6.97469413473523,6.67529684376267
6.896196279044043,6.593276415877135
6.7258421507363195,7.156349927088837
8.259637310505756,6.474126546679476
6.417936637088291,6.385840829848474
5.270835210307229,6.3567591942450585
6.920818753952375,6.6684605747623955
6.889410289700751,6.434595436311759
7.583359492661719,6.602504520107739
6.798602875679549,6.826794415520852
7.230622673923861,6.233636061849544
5.698970004336019,6.28924763132865
6.782516055786093,6.60114867463872
7.528708288941061,6.768377094749551
7.621602099051862,6.520854261825031
6.735182176990463,5.998951342557153
7.97469413473523,6.50279707010296
6.958607314841775,6.6369318684543215
6.326058001365912,6.585841579231924
5.420000452721522,5.5344952529405775
5.65091683122041,7.086363803155483
5.6439741428068775,6.060363064352958
5.838781780308984,6.136328992120087
3.0721165896692932,3.837618221961087
7.024108863598207,7.098355884865856
7.251811972993799,7.268187703861944
5.866461091629782,6.686548769470325
6.292429823902063,6.421776673177336
5.909341705691863,5.951282847522159
6.295420550303701,6.306477731160815
6.323306390375134,6.306477731160815
6.199998172182031,6.4037332053112515
6.699991797446187,6.628843282959676
6.499996931948306,6.70496378310901
8.531652669587842,8.78387700613831
7.262807357295262,5.860411660712719
6.458420756053419,6.298714004005791
6.274088367704952,6.272585337783538
6.287350298372789,6.135731022949507
7.005243055412372,7.655167899191442
6.499996931948306,6.394583315487538
6.699991797446187,7.203018201327968
7.769551078621726,7.0792225557662976
8.789949150124862,7.186815010388713
8.576754126063193,7.0792225557662976
8.220403508742175,7.777287309015659
8.328827157284916,7.479629628704538
5.95999928552668,6.511172557526697
5.707411687534446,6.458328807480956
6.815308569182401,6.107804064963723
5.799696817018415,6.73054667999712
5.0,6.023502272891591
5.980468315468745,7.820540317599995
5.2098556349570995,5.037621736134606
6.013228265733755,6.518160062927527
5.73969005420508,5.765808190772666
6.531844747032066,6.3833475335757575
6.0301183562534995,6.3833475335757575
6.010105436281227,6.3833475335757575
7.059981844992337,6.611215831622216
6.619788758288394,6.3833475335757575
6.136677139879544,6.274034602476135
8.100015437450608,6.6045366778478405
7.79997073344623,6.4609762578788015
8.100015437450608,6.478254392855199
7.100015437450609,6.434278297800496
9.400007822415901,6.554677869351832
8.700057099977233,6.420362364576393
8.199970640755865,6.5060735507504175
7.700057099977233,6.477775919873398
9.100015437450608,6.440178888291572
7.599980364934842,6.6045366778478405
9.0,6.5106630368949405
7.50003813440381,6.517058463766476
8.0,6.486005503024759
5.996970529446382,6.162606623678499
6.013228265733755,6.360566658815173
5.745451922891027,6.323958513734007
7.055517327849831,7.2852190415916676
6.644740094472621,7.075138320234003
6.578396073130168,6.934714597643829
9.721246399047171,9.050491843045123
8.5016894462104,8.677419833029314
8.317854923626168,9.015379960062962
8.920818753952375,9.050491843045123
6.943095148663527,7.055254933641314
6.645891560852599,6.957992596594473
6.510041520575165,6.887105115872746
6.555955204081924,6.991332417237317
6.410050398674292,6.957992596594473
6.935542010773082,6.91866351589201
6.148130399270234,6.954815194323117
6.809668301829708,6.960265715206013
6.618884919290149,6.957992596594473
6.835647144215563,6.943438717315866
7.102372908709558,6.970545254710987
7.096910013008056,7.0036527640474935
6.531652669587842,6.972289196343909
6.453457336521868,7.283341213004232
6.289036881004725,6.487755770244426
5.857297754262385,6.49780210561477
7.130768280269024,6.9878372803739275
6.607303046740334,7.092367006223745
6.935542010773082,7.03369061230243
7.050609993355087,6.9878372803739275
7.236572006437063,8.201557508363365
8.006123085058789,8.106664828650027
8.08460016478773,8.196640470953572
8.031050319018657,8.07534569227757
8.228412519118745,8.047042547082068
7.882728704344236,8.139706349780512
8.518557371497694,8.160734993855856
8.02502800570193,8.218286452020733
8.60906489289662,8.113805506963883
8.630784142589857,8.136547443706078
7.650819641003622,8.175128269588813
9.090443970758825,8.181970373703582
7.451733454829254,8.192420125340115
8.240181122625174,8.142319458179045
7.800656281310607,8.188798933690228
9.057000406633959,8.213464047396702
8.130680256524798,8.217368792503898
8.85078088734462,8.186552793403813
7.471083299722345,8.18003465516328
7.950781977329818,8.173203658266404
8.497572880015568,8.259668014320797
9.050122295963126,8.240179961845671
6.6401645176601125,6.760690719375354
6.541060138109674,6.813973692364909
5.960292484137053,6.337116860956616
5.9608874136110455,6.494358485718533
7.055517327849831,6.816954441563452
8.42021640338319,6.7858246431598905
6.6777807052660805,6.3140580049907
6.871439193440679,7.08514338374967
7.470056598341331,7.4736892439630696
6.900008766455315,6.336694362848585
6.599997654072045,6.3312635104120885
7.400007822415902,6.4312697242317665
7.0,6.2572741853029274
7.369775589247568,6.947237856570884
6.561916711232764,7.183976911828669
6.070070439915412,6.508721549131468
5.889410289700751,6.159444297027188
6.299997602857746,6.401495266702459
7.070019409484486,6.8300118391804805
5.0,5.468412267247582
5.884056823060945,6.983059491231736
5.913996294381619,6.91001753845933
5.584359020103846,6.684938992529887
7.958607314841775,7.248018659663892
6.459670525209127,6.5945748423327135
7.721246399047171,7.651522054132163
8.045757490560675,7.519401166845158
8.299988937677888,7.481582440597349
5.969999718407896,6.062155755690583
6.638272163982407,6.672954561099544
6.508638306165727,6.561543325114052
6.481486060122112,6.234810011878065
8.512861624522813,8.731517106603668
7.1073489661227,6.7520759762652
6.609064892896621,6.792867426919051
6.7495799976911055,6.194424593107211
7.721246399047171,6.79708183420312
7.474955192963154,7.145635431794159
6.954677021213342,6.768052395565205
6.718966632752272,6.534219377444477
5.885055584287415,6.282677373010645
6.714442690992226,6.333227167247713
8.248720896016657,7.868668831069307
6.036212172654444,6.17063306704966
6.619788758288394,6.483351134185539
7.431798275933005,7.345852230203372
6.831207979685818,6.3861460937879215
6.20690839982342,6.314982308257446
6.795880017344075,6.408771521586413
5.59999938302362,6.179709868842586
8.638272163982407,7.905374476396265
7.221848749616356,7.421368212198631
7.795880017344075,7.905374476396265
7.638272163982407,7.421368212198631
7.543178651978401,7.171751508094529
7.50003813440381,6.452673030811044
6.799998134593398,6.237257336546755
7.299988937677888,7.150143037683593
6.399996913372259,6.437758344695091
6.599997654072045,6.678466850975882
6.0999990348465305,6.633688355045904
6.299997602857746,6.763379095809406
5.958607314841775,6.218498223473218
6.0,6.4312492371841135
6.2150262900456,6.238950059909934
7.247951552180561,7.15777497514157
7.359518563029578,7.326751571981793
8.49241396023699,7.5152757696190715
6.399996913372259,6.341603027544814
8.400007822415901,7.902717161766122
8.400007822415901,7.824849636552461
6.709965388637482,6.656542893187821
6.651695136951839,6.609133711516633
6.703334809738469,6.72133363325983
6.106793246940152,6.862646692881232
5.356547323513812,5.88425869305071
6.899819069257671,6.09060023132188
5.50003813440381,5.894543663240318
8.821023052706831,7.7893449072111345
6.060480747381382,7.004867309982855
8.522878745280337,8.014154860612685
7.1771783546968955,6.320934020576227
6.2716462179787715,6.1732107303746275
6.560667306169737,6.1732107303746275
7.341988603342887,6.179971772063258
6.933674074637962,6.970444493693915
7.215810794619039,7.1968843419276265
6.070581074285707,6.094770625541879
5.886056647693163,6.4373330956950445
7.251811972993799,8.09700163255649
6.638272163982407,6.300472288379296
4.079876673709276,5.921573296049245
6.657577319177793,6.428477142720671
9.070581074285707,8.76353817226255
6.903089986991944,6.4914506162488195
7.0,6.6767230580849874
6.55340070654303,6.66539510308142
6.659853449050868,6.472661178011958
6.706637445288555,6.526556210377984
6.102372908709558,6.115012541981929
7.259637310505756,6.919481748009289
7.259637310505756,6.919481748009289
7.259637310505756,6.8957691910419605
5.068643849532072,5.980430232867001
5.079042294044551,6.0001303940785045
6.269217724333611,6.423532548633849
6.434152181326482,6.340795534793115
6.2576677176428515,6.407249144864182
9.180225817823183,6.596031208310395
6.9102891287110655,6.670008687749883
8.698970004336019,6.193367401687295
6.65828856496266,7.162971085203045
6.5082882098292325,7.162971085203045
8.568636235841012,8.31237542522068
7.853871964321762,7.042150898050881
5.1938200260161125,5.25098375144331
9.522878745280337,9.26723641946736
9.301029995663981,9.26723641946736
7.619788758288394,7.497260050853927
7.7447274948966935,7.3918477872020265
7.795880017344075,7.587629064661243
8.0,7.587629064661243
6.34008379993015,6.359606229586828
6.504455662453552,6.152809849419082
6.231361898752386,6.31223492351084
6.400116927926312,6.423900075331236
6.85078088734462,7.0201556016103375
8.958607314841775,7.514051871556923
7.275724130399211,6.9718616980779275
6.466685602255624,6.075899589552478
7.318758762624412,7.170464605375487
5.623423042943488,7.14786083544329
6.755970410969978,6.944955395752345
6.600378189328264,6.840042749501998
6.427128397799519,6.150989798238849
5.317074617294738,6.765541846174021
6.092588639225414,6.189551038920701
6.819988880942283,7.126336657567307
6.6595558851598815,6.622758697120471
5.795880017344075,6.297897770926128
6.699991797446187,6.268292996026428
6.7447274948966935,6.0507322860760056
4.379999982779397,5.517995699603941
6.795880017344075,6.618734925071437
7.823908740944319,7.284624434864844
7.698970004336019,7.371850116542322
7.443697499232712,7.221580159740328
8.010995384301463,7.142855009748874
8.094204119632131,7.315772911906016
7.2636034977233574,7.31706204253971
6.784507842501585,6.16560680696583
6.022276394711152,6.3654310351498715
4.6187146658900655,6.062273205373786
7.9102714669252645,6.358383616834095
5.811790312949412,6.140603662780194
6.721783885209793,6.264506666973702
5.040717426461663,5.503219910344182
5.5603334226087915,6.855229611787661
5.869833547531327,7.024285194390482
5.677853093712269,7.087909068044864
5.6891219659691,7.115580759264001
6.047389156156506,7.123847972327644
5.835795900675967,6.553930314280713
5.0,6.069251293301583
8.537602002101044,6.88470720972542
7.568636235841012,6.975987436969012
8.318758762624412,7.1112798258249
8.250031916490597,7.556440634851956
8.910094888560602,7.556440634851956
7.51999305704285,7.189923950089042
5.860001341725205,6.954677817346534
6.251811972993799,6.502998128059841
6.2839966563652006,6.184088405813722
6.13430394008393,5.89089046242756
6.482804102050025,5.970945168695992
5.1382267032813065,6.104776127730892
5.320208829019645,6.354576879512004
6.275724130399211,6.3371023716223265
6.047207556955907,6.393057279299901
6.178486471595226,6.584461492050119
6.441291429466834,6.56430503105773
6.012780770091995,6.474752685304239
6.138465589140962,6.257190316370873
5.998266287190999,6.452283965077946
6.056011124926228,6.298328107597384
6.441291429466834,6.661537980107331
6.0,6.417795650596452
5.961379838050297,5.91395967556694
6.991399828238082,6.673540701076224
5.555955204081924,6.318383768639141
6.079834916631997,6.461815015438657
8.008773924307505,7.392579920239266
7.910094888560602,6.585732942527889
6.980011840408714,6.627437053430099
7.809948582240794,6.640515202349364
5.769551078621726,5.367223566772202
4.853871964321762,5.18253873183557
7.66354026615147,7.526835892068156
9.100015437450608,7.33883280222789
5.488116639021126,5.4505104742712565
5.59999938302362,5.667096333243131
6.7258421507363195,6.4453556486951475
7.207608310501746,6.372253492273422
8.080921907623926,7.678300225386747
6.0,6.324665055370556
5.969999718407896,6.329038924841047
4.869999962200743,6.324665055370556
6.41999931041096,6.507129062306413
5.650000220873455,6.269628805722912
7.630042392653947,6.296386041113176
6.130000141365475,6.329038924841047
5.219999701663429,6.382182777586189
5.570000775141681,6.128720883969347
5.829999526735649,6.14666679453427
5.280000380871156,6.2376819247160205
6.6100015773926675,6.378117556980978
7.1487416512809245,6.753269568018743
9.599980364934842,6.333132715339297
5.567508535563977,6.557649075724761
7.329754146925876,6.747778463955263
6.639804335393841,6.570473592428212
5.849857838151442,6.253649415577209
5.917573699139228,6.268872537719474
5.739928612014925,6.766020899577529
7.113509274827518,7.0288399399468044
7.400007822415902,7.727920067698788
8.154901959985743,7.0288399399468044
8.013228265733755,7.727920067698788
6.642065152999546,7.727920067698788
7.360115258083695,7.449504998925085
7.525492360883025,7.209367452402503
7.394102648355025,7.357752083602165
7.148252580866736,7.286809125350799
6.5927706049146,7.10057800958189
8.2839966563652,7.0288399399468044
7.982966660701219,7.303918118831151
8.045757490560675,7.781401765035855
7.156144577376839,7.653445016637949
6.0835460514500745,7.001497365404951
8.148741651280925,7.913351482843862
8.096910013008056,7.993139268703703
6.060480747381382,6.2709452771251195
8.397940008672037,7.046748206982196
7.638272163982407,7.342031298998622
5.939302159646388,6.79151979651909
6.924453038607469,7.242723151201824
6.995678626217357,7.277999921745004
6.96657624451305,7.377073985127968
6.892790030352131,7.276806449077459
6.954677021213342,7.1701453239566995
7.021363051615525,7.130813703902148
6.821023052706831,7.30679974991681
6.818156412055227,7.1450359872209015
6.772113295386326,7.405181679784143
7.692503962086787,7.6812798847852966
6.242452146530756,6.616124044922396
7.102372908709558,7.181053529823769
7.113509274827518,6.685375323906236
9.397940008672037,6.933749888731572
6.838631997765026,7.321955926877735
7.494850021680094,7.313317561774132
7.795880017344075,7.313317561774132
7.146301788223825,6.6290244689104005
6.5249101966109935,6.501394751693144
6.8198741248359465,6.63750154829039
6.62745619924093,6.331923984366653
5.7237680420781665,5.907533644420282
5.898940645091884,5.873182901411203
5.9657727392294495,6.070604613272363
5.916855856856948,5.90097505001919
5.970210529168144,5.984009625954593
7.668167955563751,7.8828437825180595
5.268841713867495,6.640118689579201
7.0,6.425067048132702
6.399996913372259,6.238375999064299
6.900008766455315,6.345757431124404
6.347125402250521,6.356196699302817
6.699991797446187,6.008330258305353
7.100015437450609,6.455689461485628
7.100015437450609,6.455689461485628
6.724596497254596,6.168387837270808
6.900008766455315,6.488778313896478
6.747122707436239,6.550079193057601
6.449533156315995,6.249657215245434
6.522018247602967,6.305447553231896
6.624592466691214,6.262714539491864
7.50003813440381,6.264392473628071
6.355487557206262,6.498500842844646
6.688585232837641,6.031311525563774
7.0,6.345757431124404
7.0,6.11239718906848
6.499996931948306,6.462282130449171
7.655509480758107,6.548423009914914
6.199998172182031,6.312498975547616
7.049537781094402,6.22872769863963
7.50003813440381,6.2572458613805315
6.237137706319656,6.394967417266544
6.900008766455315,6.225082947840006
6.322019131111933,6.603183495042098
6.799998134593398,6.386606652233567
7.103721864160879,6.106141882734753
5.675717544702307,6.498500842844646
5.324038450357831,6.238538408041684
8.638272163982407,8.942566075192177
7.279840696594043,6.075164169916522
8.609948503541013,8.663858780891289
6.699991797446187,6.35338050631342
6.543633966870956,6.702360056320191
5.815308569182401,6.520133828279334
5.276790689594888,7.021859999206645
5.587875593826682,6.724525456847216
5.233661524748713,5.857082650577873
6.052076380168273,6.702360056320191
7.366531544420414,6.991739406408681
6.467245621007502,7.0119956189603245
7.552841968657781,6.680034277490069
5.064492734175287,6.109264937157731
7.022276394711152,6.56781945686741
6.924453038607469,6.484310728676501
6.171984935776023,6.539039231788821
5.626352527790782,6.762027237640613
5.2262135550188065,7.021859999206645
5.196747788569542,6.128818949168046
6.0,6.750676791483103
6.346787486224656,6.1358020010532135
6.308918507877031,6.4788242093919
5.027103215563455,6.958795443393287
6.120330794367947,6.872060047386388
5.4175957019809715,6.978970004488353
5.668572703479256,6.022342737717803
5.902395671125589,6.504486539689628
6.5638373529592435,6.6860786799035115
6.962573502059376,6.958795443393287
5.422508200162774,5.827931907914854
5.771599641296995,6.015667636379826
6.669586226650809,7.0210649799278695
5.5189875790434275,6.326795927495677
5.335076106561918,5.974753319793095
5.17134010346468,6.1613122996008665
6.054039296422431,6.814139673166352
5.928854709548917,6.6653875319429075
6.7258421507363195,6.762027237640613
6.293282217663242,7.0435283760716105
5.521289244487241,6.800355945276074
6.661543506395395,6.648341096150672
6.718966632752272,6.958795443393287
5.593119329950875,6.144049738877425
6.146910470148134,7.124419803283158
6.931814138253838,6.14014493314032
6.2168113089247425,6.357507741809079
5.422508200162774,6.683986420082328
7.229147988357855,6.227860594646178
6.3124710387853655,6.127624401891579
6.6595558851598815,7.0435283760716105
6.73754891026957,6.192546048831827
5.359021942641668,5.897192296284898
5.748605149959896,6.963872813127696
6.701146923590294,6.664592237644184
6.94692155651658,6.762027237640613
5.96018944585165,6.9480138324600205
5.464579281943827,5.85689140210678
7.017728766960431,6.977705543441719
5.939679971311715,6.468486546525857
6.123205023799299,6.872060047386388
6.126679398184601,7.091065952759195
6.647817481888637,6.51960071580421
5.597910649427903,7.0643991727707345
5.6790233226571765,6.539039231788821
6.567030709125595,7.0210649799278695
6.889410289700751,6.289495266194475
6.920818753952375,6.192546048831827
6.872895201635192,6.639506868084413
6.207608310501746,7.122222105713655
5.717151397165355,7.045995978272584
6.567030709125595,6.966098529235711
6.161150909262744,5.775784879214664
5.732828271596986,6.078822907668293
6.568636235841012,6.944234688720067
6.560667306169737,6.598187232935834
6.858550226599533,6.108755025552226
5.145693958198919,5.783246477751988
6.455931955649724,6.108755025552226
8.096910013008056,6.4765181191057275
6.267606240177031,6.343047601530318
8.169411331314855,8.413097130268564
6.154901959985743,5.2837618183549875
8.730487055782083,7.23827496989261
9.060480747381382,7.82670712736098
6.0999990348465305,5.917771730674339
8.474372203788112,6.473148461709343
8.886056647693163,6.738007740351676
8.0,6.730859598416867
6.17979854051436,6.836477837884371
6.53313237964589,6.836477837884371
6.210419287835574,6.836477837884371
7.522878745280337,7.593959649126523
4.568636235841013,5.567612574069091
7.089909454405932,6.413001979503257
7.275724130399211,6.811770933518154
7.327902142064282,6.729951169229469
4.698319050706424,5.480869282200602
5.638272163982407,5.767004195987247
7.180456064458131,6.414916340367242
7.045757490560675,6.359679204925814
6.698970004336019,6.363019280759581
6.619788758288394,6.493833281357025
7.455931955649724,6.30840654170455
6.619788758288394,6.317490497373553
6.039053804266169,6.166899546056702
6.174573882232177,6.456973057599041
6.5951662833800615,6.490728484504215
8.187086643357144,7.791114471510593
8.239577516576787,8.335638999543873
6.943095148663527,7.468149790789502
6.311580177997289,7.129991722524518
6.1938200260161125,6.366463972077997
7.886056647693163,7.519565244918846
7.2839966563652006,6.419156216105257
7.4089353929735005,7.549666935658342
5.651111276928562,6.64263145976743
6.721246399047171,6.91164867866574
7.6777807052660805,7.903901221289663
5.200659450546418,5.667672430168316
2.850165303284215,4.949561572886279
3.183758700008217,3.8570957251947844
3.5257837359237447,4.944068434446972
6.872895201635192,6.901230615542985
6.199998172182031,6.402955831375973
6.499996931948306,7.167587947281007
7.50003813440381,7.31168497320415
7.113509274827518,7.072595615665993
6.272458742971444,6.2426605862364735
6.3036436112666685,6.414734074477894
5.61261017366127,5.931881234597485
7.032920265855503,7.756536440677804
5.800000874803203,6.228170798869118
8.0,6.80358061033231
6.924453038607469,7.3247868456232315
6.838631997765026,7.410551625080931
6.289167865044546,6.2340991690143674
7.300162274132754,7.126038473911183
6.053056729302174,6.417787421534778
6.2168113089247425,6.269865513989028
6.2839966563652006,5.7700204029721265
6.6777807052660805,5.643811365528121
6.225103648549327,6.081912387793778
6.823908740944319,6.818188125032385
6.251811972993799,7.209110810924186
6.798602875679549,7.553671566999918
7.2839966563652006,7.577248270640472
6.747146969020107,7.71941066665262
7.327902142064282,7.58338397699062
6.826813731587726,7.238110433232959
6.954677021213342,7.245562738943759
7.167491087293763,7.526965262221732
5.552841968657781,6.460411889018063
7.327902142064282,7.399435216550805
6.045757490560675,6.2456873353452345
7.200659450546418,7.359669679568721
8.292429823902063,7.645444461643211
8.698970004336019,7.53150911529316
6.480172006224281,6.11299697249561
6.232844133917819,6.158409893836433
5.885389015767827,5.7012689595973365
5.6777807052660805,6.066654324430486
5.259637310505756,5.59649094886982
6.585026652029182,6.726806010887085
6.920818753952375,6.985932677588128
8.522878745280337,7.790258870662868
5.935542010773082,6.470290221142773
6.428757149439776,6.411297506930975
6.748605149959896,7.004875460048064
5.114243118930732,6.188732961053284
7.882728704344236,7.691712809309216
8.437707135543524,7.772243019895679
7.82102305270683,7.1424116282719465
7.982966660701219,7.541287350576895
8.236572006437063,7.882350300399899
8.508638306165727,8.041075374436211
8.060480747381382,7.92238857905903
6.301029995663981,6.403713937103057
4.978810700930062,5.307448527853652
5.290000325166602,5.518328996919645
6.51999305704285,6.219497492709709
6.8696662315049934,6.435696140705503
6.910041929048079,6.783346158490978
6.065501548756432,6.16303631924228
6.047691990337874,6.594067059744757
6.667561540084394,6.491691821824013
6.0670191780768015,6.130052792528293
6.373659632624958,6.51868201752491
7.769551078621726,6.51868201752491
7.455931955649724,6.594067059744757
6.819988880942283,6.982035875224787
7.189969213594161,7.172191487775042
7.299988937677888,7.245863204852876
6.339998279897117,7.118893159374086
4.876099381214104,6.744317051387432
6.290730039024169,7.358220516556868
6.1095789811990855,6.557681567153887
7.3014645074379985,7.410914032134488
7.860120913598763,7.240721828161998
4.790002703917631,5.202680764870298
4.995678626217358,5.994446566163115
5.770000934050708,6.3225222759824184
6.917214629683549,6.617569065927264
7.119186407719209,6.776746911386032
6.651695136951839,6.43639324770299
5.907630300370879,6.360182232630414
5.73969005420508,6.310893661028791
6.85078088734462,6.602030201478989
6.826813731587726,6.656799650763795
7.443697499232712,7.439562769979957
6.221848749616356,6.035832100192039
5.498324668589629,6.837318277471835
6.709965388637482,5.930771808998727
6.458988955141768,7.011438534172596
6.730487055782083,7.032579704109806
6.080921907623926,7.065956021449628
5.298345682674252,6.96612905321009
7.259637310505756,6.591050634207326
6.040481623027002,6.367483936858041
5.808828544271441,6.749610319075387
6.51999305704285,7.088185503729175
6.393618634889394,6.991282445965547
4.915674004983173,6.103483841416741
6.428291168191312,6.4509239788681345
5.4784696587212895,6.512010742616767
6.508638306165727,6.930628677922451
6.698970004336019,6.916425391209304
5.42021640338319,6.854226023548894
6.425968732272281,6.980861742845584
7.585026652029182,5.895510222514596
7.309803919971486,5.895510222514596
7.010995384301463,5.895510222514596
7.7447274948966935,7.365082629980964
7.142667503568731,7.225533466865952
7.221848749616356,7.133859923613637
6.296708621881338,6.015235403026787
8.886056647693163,7.247675636981452
7.657577319177793,6.806992137504405
7.3979400086720375,7.330577275300222
5.149999867728904,6.480732293621917
6.7447274948966935,6.725335466971757
6.958607314841775,7.546332236068561
6.8230410194130915,7.19423783508672
5.798876102792621,7.185600845892135
8.67778070526608,6.676728130938165
6.828858848971618,7.305864970472702
7.686132779630847,7.371650873648322
6.923723744595782,6.6752621598477315
6.7055337738384075,5.735452423085334
5.671620396561263,6.311582214830224
6.399027104313252,6.567057664616152
9.173925197299173,7.036727173709872
8.226213555018806,7.223200127318251
9.721246399047171,7.641075935064744
7.87942606879415,7.001434959287266
6.978810700930062,6.411543803084586
8.560667306169737,7.517947201805916
8.151195298948196,7.042843356090924
7.619788758288394,7.269871464829822
7.1487416512809245,7.269871464829822
7.795880017344075,7.883528341243416
7.853871964321762,7.974660227197051
8.431798275933005,7.87249758620622
7.481486060122112,7.672262527950574
8.161150909262744,7.791371906878054
6.531652669587842,6.281543851585452
6.518557371497695,6.604334786859054
6.906578314837764,6.146522746010578
5.733063088840828,6.211274486119152
7.6777807052660805,6.726059197817908
6.832978204209743,6.830573898825619
7.171662399940995,6.968010931242366
6.7611012077721595,6.871233225219318
7.1279603320267135,6.877665108051907
6.6230217796919835,7.007506988547801
6.736198292083689,6.960452028578453
7.163992540874468,7.003724952949176
7.119300710781299,6.922659684633056
7.03990993209508,6.867553739636349
6.864644690591225,6.999817278259744
6.876900044744426,6.922816187162409
6.842694369672033,6.919746356833773
6.7416501074806785,6.883214302437021
6.742297431623342,7.0774851317955125
6.601539150391776,7.078370609888513
6.822694415658139,7.078370609888513
7.114751892218614,6.913611193821287
6.837943662639448,7.175000635248249
6.913177642900938,7.112959227111559
7.0450342689415795,7.0325762003487275
7.134244775928549,7.0325762003487275
7.046675303610815,7.097007963428879
7.0205426819021515,6.9943450740383675
6.933226962914974,6.995840268626714
7.048176964684088,6.985734631617482
6.952647239246065,6.985734631617482
7.131708311982145,7.11456534490038
6.945272067917802,6.924755054128207
7.5168407902830205,7.2792935475972325
6.90970666868989,6.953827569741023
6.8937750951032015,7.198928361855407
7.1555228242543185,7.187676091008398
6.790484985457369,7.008262656706261
6.301029995663981,6.535219557677352
5.823908740944319,6.448465298807057
6.259637310505756,6.70733725129441
6.379863945026242,6.439354054558025
7.494850021680094,7.623348896878199
7.698970004336019,7.210726963747425
6.5951662833800615,6.956287899601434
7.769551078621726,7.34853578868994
6.782516055786093,7.214533505573079
7.468521082957745,7.458956982382363
8.136677139879545,8.772657596841768
6.809668301829708,7.18102091104221
6.180002266489224,6.0507283070869216
5.480000159330324,5.756570914111139
5.90999956608739,6.296772776704013
6.340150327156071,6.203670369096814
6.160000609491408,6.305995896538606
6.050000457140078,6.228212392116746
5.790826925877153,6.317846879122671
6.020001176026261,6.309261965305897
6.139997578098902,6.391780618608343
6.2889650678160365,6.244971155935817
5.8700009280425745,6.228212392116746
5.940001369850309,6.336146898309584
5.119999756699334,6.262110945215134
5.829999526735649,6.320219530931523
6.209714835966759,6.228212392116746
4.719999935717911,6.753707329551801
5.720000163638921,6.7798839613345505
5.7299993321845495,6.753707329551801
5.430000267796055,5.859303244037035
5.657577319177793,6.17206551871364
5.630784142589857,5.9073142737833955
6.30715308072277,5.959150225348913
5.252588192113577,5.791690370407912
7.527243550682788,7.0334952171976886
8.468521082957745,8.276171028418242
9.031517051446064,8.544713065781075
8.443697499232712,8.431664673634673
8.67778070526608,8.452798159627225
5.823908740944319,6.007273094098378
6.2441251443275085,5.912288232850968
6.214670164989233,6.126626343891271
6.318758762624412,6.182817690082943
6.107905397309519,6.043794658967221
6.008773924307505,6.0777059702469725
6.709987660720458,6.441510128815085
7.514988785421427,6.611214596588245
6.892790030352131,7.274582731535936
6.903089986991944,7.126796135350977
6.651889931519762,6.132674841536475
7.0,7.329217786134694
5.96617430604669,5.90226578082052
5.530177984021837,5.549030072718397
5.478992747591397,6.278433395998265
5.853871964321762,6.1801042908833255
5.769551078621726,6.1417962138945805
6.024570489351218,6.702432366611666
4.392909722808419,5.556876856220927
4.32980054838774,5.924670615931465
5.014798141635428,5.345663245220264
4.17994968289442,5.488619371404444
6.252588192113577,6.709894240148557
8.769551078621726,8.344886875317368
8.698970004336019,8.344886875317368
6.9399824574684,7.241774365953359
6.299997602857746,6.284783733317323
5.499999678657065,6.0951927395938155
7.638272163982407,8.043778845676293
6.4723700991286615,6.307907998372672
4.062983892535186,5.413574796514181
7.540004743952609,7.295079792887324
6.06398920428479,6.310079094615851
5.886056647693163,6.429172974286242
7.3124710387853655,7.355744134047948
7.327902142064282,5.817990716736572
6.0,6.304557782606095
7.58838029403677,6.935487539985965
7.202732459169283,6.8988364373962305
6.8297382846050425,6.688611719654173
6.821023052706831,6.692895064814387
6.493494967595128,6.6066759949251015
6.950781977329818,6.755501052678555
6.52432881167557,6.728925923744109
6.8794260687941495,6.6251052980711576
6.782516055786093,6.666535256532363
7.570247719997592,6.942087843250058
7.0589857562944305,6.838047054437366
6.96657624451305,6.673038697656582
5.978810700930062,6.364001502874329
7.070581074285707,6.747450585965431
6.298000525110363,6.250564850460246
5.709965388637482,6.273189476203888
5.345823458122039,6.19444501747152
6.066512712151295,5.8774384336368835
6.175223537524454,6.031896676811503
6.275724130399211,6.195567959339202
6.530177984021837,6.453608239191324
6.431798275933005,6.048744117903177
6.059981844992336,6.225375738197252
8.204119982655925,6.603270214950083
7.5934598195660445,6.607994613480132
7.302334837352325,6.611314740942376
8.732828271596986,6.611314740942376
7.223298816011589,7.337359741028458
7.424812155072339,7.455689282535296
6.835647144215563,6.569865660170485
8.647817481888637,6.765886243072726
8.127843727251706,6.765886243072726
7.886056647693163,7.583173400767292
8.154901959985743,6.872063305353631
6.281431884934691,6.441611925134249
6.374574359067162,6.441611925134249
6.308838909258817,6.441611925134249
5.739368208882834,6.169478092979824
5.911505987462704,6.272558105088203
9.397940008672037,8.81124888673268
6.498940737782249,6.6745456923563955
6.889410289700751,6.03976043573364
5.525783735923745,6.2072214576284885
6.460923901207224,6.188184067464854
6.384049948343598,6.181640394485467
7.79997073344623,7.221067714062046
6.61747867581032,6.7487589749362495
6.10292299679058,6.664392264723385
6.714442690992226,7.3824608589095
8.248720896016657,7.879889499103812
5.337242168318426,5.6783745884958625
5.653619638472609,6.121549397086542
8.089375595110798,7.872439356771857
8.3767507096021,7.625256572504854
6.51999305704285,6.576088802115623
9.3767507096021,8.800636880313965
6.702239488900866,6.17331957643939
7.466100899203406,7.3058058645236645
6.665546248849069,7.57761613086541
6.6401645176601125,7.825138514117079
8.065501548756432,7.798856078541305
5.055200112645751,6.335436784540362
5.385999705404821,6.366743479894466
6.910094888560602,7.386887375050925
7.229147988357855,7.403599737495683
6.7594507517174005,6.497063535546685
6.528708288941061,6.497063535546685
6.465973893943865,6.497063535546685
8.10790539730952,6.261138021578164
6.6777807052660805,6.49239712922297
5.682145510668531,6.058692668004489
6.140861702705469,6.201723887078613
6.537602002101044,8.215846256173405
6.653647025549361,6.517861850228587
6.0695604052333,6.077289333933058
7.031517051446065,6.431281867448535
6.787812395596042,6.457777285757505
5.993533957750769,6.575687469805222
5.889747082646597,6.475494996498627
6.61261017366127,6.192768895822355
8.522878745280337,8.17548087335189
6.5638373529592435,6.125719349055928
5.2588484011482155,5.549143915178369
6.599997654072045,6.440043280029672
7.6777807052660805,6.542450325265819
2.8781120148963186,3.8148694300707704
4.173925197299174,7.212711426287007
7.1487416512809245,6.665009963206577
7.119186407719209,6.708629836899601
5.925183559354825,6.26836592234705
6.628932137728263,7.3039344262526305
6.667561540084394,6.584594227868284
7.876148359032914,7.858646237424347
8.167491087293763,8.040056529792658
6.769551078621726,8.06070396084783
6.280668713016274,6.726768103216549
8.173925197299173,8.06070396084783
7.7447274948966935,8.092660009556864
7.221848749616356,7.858646237424347
7.95663772197887,7.858646237424347
6.729088360589519,6.68428148271333
6.541211118289155,6.628218152667118
7.036684488613888,6.724636789353073
6.591251393815756,6.642368236318796
6.812761380168521,6.705363113790874
6.393941250589686,6.522204471679681
6.21261037864789,6.40546620573666
