"y_test","y_pred"
7.0087739243075,7.01974506901968
5.19348086591929,5.58206633737678
6.44855000202712,7.13447617405123
5.22184874961636,6.06440288715593
7.81844222613721,7.25658268930467
7.20134935455473,7.45084050420266
5.1771783546969,5.81608480271551
5.82390874094432,6.28837846909986
6.20690839982342,6.12558937057069
6.27572413039921,6.1651399197024
8.52287874528034,8.79489243331788
6.09999903484653,6.59990426629259
6.41999931041096,6.47839565727161
5.91397848119149,7.79516841492449
5.25963731050576,6.18475686092752
6.55284196865778,7.86883659888491
6.98716277529483,6.32584381161175
7.09691001300806,7.75211511317246
8.1249387366083,7.67738506413215
6.35424378639616,6.56894878563546
7.74472749489669,8.73413279826394
7.20760831050175,6.97396307767365
8,7.60053435653296
6.39000029615777,7.03514911861327
5.88605664769316,5.79545637781885
7.15739076038944,6.80064845215549
7.29998893767789,7.34238735368317
5.82485363477528,6.1948616858343
6.15676722190199,6.05017101858331
6.89619627904404,5.99848289551518
5.49999967865706,6.01252246440645
6.06550154875643,6.36697963784427
9.85387196432176,8.89286776210345
6,6.47327021158896
4.53017798402184,5.39212429505617
6,6.61103382410922
6,6.31906103772892
8.10001543745061,7.49996085173562
5.92996213339224,5.90489132506461
5.9017145851313,6.83487027000514
7.48945498979339,7.64867049453419
6.45967052520913,6.30717181998518
6.36552272983927,6.13815239100165
7.67778070526608,7.62971711738562
7.61083391563547,7.74677376418187
6.26760624017703,6.41677741778037
7.11633856484638,7.17832419092799
8.48678239993206,8.5066069561648
6.92811799269387,6.21634948600444
5.6788885339231,6.4035023629385
7.07784567476894,7.10463749416944
5.86000134172521,7.4139697837959
4.87614835903291,5.72290792017774
6.56066730616974,6.81098324318293
6.58502665202918,6.66059185511952
6.53760200210104,6.27043684124348
6.64016451766011,6.36343808603225
5.65364702554936,5.88137559092159
5.63078414258986,6.00341465611161
7.2839966563652,7.50212885711709
6.62342304294349,6.62733247050725
6.15864052954515,6.65005678053372
7.4600461583436,7.5455772162302
6.79860287567955,7.18695447564899
7.66154350639539,5.879747987609
5.24603413413484,6.07834178331277
6.29999760285775,6.25239605079464
7.36997914888659,7.31965801542658
6.49999693194831,6.50492304478209
6.39999691337226,6.56802808913541
6.87942606879415,6.87548674463591
7.55595520408192,7.68089093001784
5.48000015933032,8.04054528707379
4.69897000433602,6.45642587120418
7.22694530663574,6.43658864683492
5.89636729479026,6.18124610076213
8.46852108295774,8.77652489194719
5.84955059053912,6.71117137787008
6.95467702121334,7.16341496352205
6.79317412396815,6.28514299944411
7.61978875828839,6.85768653028115
5.13667713987954,6.44600892285567
6.84466396253494,7.030304767839
6.45593195564972,6.29245632398415
6.97498102771724,6.84757440439212
8.04575749056067,7.61707483440552
6.97881070093006,6.93748515401346
5.95860731484177,6.11268699922692
6.99567862621736,6.84776913998267
6.62160209905186,6.55412006412388
6.99139982823808,6.65926816634359
4.93367407463796,5.99099251361625
7.39410264835502,7.038959114914
6.74352279375832,6.16104528523173
6.85480359388582,7.03242912415694
5.14569395819892,6.1412807452817
9.05700040663396,8.38722818824268
7.39794000867204,7.58013731390548
6.17848647159523,6.28685451887411
6.18708664335714,7.19375198244401
5.6267201067225,5.85359810123849
6.09999903484653,6.40797747850055
4.96657624451305,5.48324059807863
5.82390874094432,6.46269868079551
7.82390874094432,7.17557937612859
6.48280410205003,5.99412382066216
5.18375870000822,6.70034198346085
8.13076828026902,8.89757581967067
6.29999760285775,6.05149083841913
6.0364482664259,6.60462481513201
6.07883394936226,6.07919806312899
7.19997064075587,6.86155625542326
6.34678748622466,6.55754594449618
6.16749108729376,6.43959831817923
6.96657624451305,6.57832049341738
6.01836257534423,6.19809545309847
6.13076828026902,5.93111392466353
6,6.50200585349657
5.64054397987901,6.64362645639249
8.7500682433658,8.22641136563149
6.49999693194831,6.53112496923965
6,6.18916634704821
5.55909091793478,6.12441713755554
5.25999990031145,5.4739685347763
5.92000160192165,6.21720935977532
6.09691001300806,5.95713150613012
6.54363396687096,6.21210564863809
6.55284196865778,6.1764889926043
7.33161408331,7.32860563549254
6.61747867581032,6.99110798521606
7.17069622716897,7.7008875362434
5.89999841719865,6.15269096812469
5.50863830616573,5.2287460769367
6.82973828460504,6.06578537168545
5.92811799269387,6.55156774447526
5.85387196432176,5.97883080399034
6.29670862188134,6.08784620734927
6.34008379993015,6.80254166912803
6.28149831113273,6.64115422784775
7.52505566453461,7.08367960873275
6.95264723924607,6.93080055685082
5.3269790928711,6.26798606107178
6.18976748200492,6.29738348997969
7.03668448861389,6.60471869082102
7.00152269696349,7.00211153164161
6.12147820449879,6.38308999490909
7.33724216831843,7.23969556503588
8.16685288808721,7.84330771219532
7.22914798835786,7.50957152363171
7.79588001734407,7.63801627672446
6.59006687666871,6.14358288141398
6.85387196432176,6.5208980395896
5.41139219525731,6.17837803303893
5.97757162881451,6.537735419096
5.48000015933032,5.9934485547522
6.07058107428571,6.45574395426563
8.06048074738138,7.03576469018179
8.45593195564972,8.42968000028355
6.39999691337226,6.42063995500394
5.60205999132796,6.39238454506674
6.15989390554324,6.27880893426151
5.72514967998334,6.25399372957482
6.80687540164554,7.74472611410884
7.25963731050576,6.61150074828519
7.00086945871263,6.27889718170982
5.76955107862173,6.41597188220773
7.05898575629443,7.00751510799498
7.13076828026902,6.74399962276156
8.0268721464003,7.61196599659216
7.20760831050175,6.76601588977197
6.67778070526608,6.27378150100934
6.46306297729533,6.43488477017806
8.96018944585165,7.36070830378209
6.37809703910877,6.7056117483689
6.88605664769316,7.29321770622385
9.85387196432176,6.68052981092785
6.89346914617762,6.84319422002635
6.87998574792193,7.25840887184363
6.51570016065321,6.61720319489835
9.03857890593355,8.66448985523749
5,6.1920034253353
7.61978875828839,7.83289099996694
6.25649023527157,7.18902505221753
8.45222529461218,7.66801176813689
6.80134291304558,6.82734724339228
6.06550154875643,6.14858979973472
4.38721614328026,5.38758420068848
5.18708664335714,4.5779284709952
6.29242982390206,6.45049295699532
5.47000020012271,6.11336531792725
7,6.62286624211779
5.07572071393812,5.5866459645996
5.95860731484177,6.22525026206355
8.110026361596,7.21062748037417
6.11975822410452,6.12363817212018
5.28232949699774,5.70225854122699
7.04095860767891,7.13386486837867
7.19382002601611,6.78848862428501
6.2929410593724,6.47651405572375
8.07058107428571,7.80824632279627
5.76955107862173,6.09677329159041
7.22951619056889,7.03134117420043
7.44648105985103,7.49083625601872
7.3767507096021,7.79937135317896
8.28232949699774,7.560288773886
6.39999691337226,6.55181434601077
6.13548891894161,5.74777451652154
7.5508302678348,7.20162633158532
6.28735029837279,6.46707750317633
6.10902040301031,6.33281236092293
6.90308998699194,7.15156726574995
8.01858915983411,7.8345264317505
6.12390345538957,8.00378073396486
5.21999970166343,6.05360441924399
5.60712725459792,5.98877488053643
5.80999905193034,6.14832503735668
6.39999691337226,7.14390208455558
5.87549577516572,6.10402860288012
4.78733307120658,5.86859312349948
5.90868484030278,6.02531456043548
6.53165266958784,6.87739061399668
9.45593195564972,8.52631973877824
6.92081875395237,6.58647932009718
5.82390874094432,5.63437722404583
7.57024771999759,6.48306357207926
8.0268721464003,6.99998530101668
7.60205999132796,7.93659579380838
6.21752737583371,6.1634157764423
6.29999760285775,6.54886427860163
5.62635252779078,6.4020284747128
5.78093966755114,5.97387428092212
5.59999938302362,6.32831043491044
8.79588001734407,8.8647740614786
7.29499204066666,7.33367640832272
5.86646109162978,6.51995412187547
5.18708664335714,5.39023398558476
7.35654732351381,6.49698360583128
9.15490195998574,8.64763575490937
6.25258819211358,6.54780112019276
5.4089353929735,6.36843185375633
6.449533156316,6.83466606909636
6.09999903484653,6.49118454312284
6.36653154442041,6.04863165938604
7.86966623150499,7.52845284679704
8.29998893767789,8.1697779255798
6.29999760285775,6.2248204278107
4.00673134690836,5.30001906463126
6.19999817218203,6.09025789761005
5.95860731484177,6.45765838231293
5.26760624017703,6.17202354444938
6.16115090926274,5.62573665641461
6.11006832714596,6.01297712206546
5.82999952673565,6.01849607416781
7.7851561519523,7.46815282597051
7.81987412483595,8.07293031123556
4.82102305270683,5.91320021415074
8.2839966563652,8.00677928129312
6.2298847052129,5.97116951670273
6.38721614328026,6.50777460685861
7.20760831050175,7.1509232586561
6.50863830616573,6.24015009852662
8.02045162529591,8.05010486250887
9.32790214206428,8.22115016165749
5.59999938302362,5.74385686342182
5.64016451766011,6.06753443669685
6.3767507096021,6.84618236743277
7.3829996588791,7.49124937766502
7.20065945054642,7.37317671099016
7.45593195564972,8.16744735891887
8.79588001734407,8.37230659350456
6.20586064423223,6.21879762677838
5.17327747983101,5.7271669640118
6.2518119729938,6.69616939955984
6.1438755557577,6.30235202023683
6.69897000433602,6.58510316641212
7.17392519729917,6.72102923999082
9,8.44137290598598
6.78781239559604,6.37630047596639
8.81389162018679,8.76176339551945
8.21253952548158,7.6300878221209
6.61978875828839,6.62959005855916
6.61113536742441,7.09176275468258
6.33724216831843,6.50599200577
5.93181413825384,5.94638174436889
6.39999691337226,6.44983420761709
6.19654288435159,6.41197693506673
7.22184874961636,7.39333323688809
7.56863623584101,8.33821721590662
6.26760624017703,6.54120725875269
8.22184874961636,8.1621960669705
8.45469288353418,8.08431939462849
7.4000078224159,7.34928885583986
7.20760831050175,7.55542060828221
7.58335949266172,7.6692780184977
6.74712270743624,6.04597914035162
5.05403929642243,5.42513978781745
6.83863199776503,6.62632052153013
7.03385826726097,6.19704811783717
5.19654288435159,5.78629558843411
6.16749108729376,6.58701291541117
6.66354026615147,6.78553500496581
5.92811799269387,6.61156521245183
5.90763030037088,6.52290564955344
7.4089353929735,7.86317720134776
6.69999179744619,6.6815859602319
7.69897000433602,7.48711025272339
5.45817123321869,5.80563662360771
6.44009337496389,6.12559772804862
6.16687839805708,7.14472061603211
5.98148049507753,6.20411345479135
6.3829996588791,5.62989983615553
6.34103515733556,6.03551288009649
6.39999691337226,6.62560457319618
5.33724216831843,6.35489632612731
7.31875876262441,7.0657596159569
6.02802872360024,6.19834293563391
5.94923368876696,6.00118935935425
5.0268721464003,5.47944859295468
7.22548303427145,7.28478902076099
9.18045606445813,7.83600089738544
7.25963731050576,7.05733865061655
9.09691001300806,7.73248062937769
6.62893213772826,7.2769439015157
6.7851561519523,7.52193627131522
7.05458065739694,6.8643814050969
8.30102999566398,8.0934212621771
5.91757369913923,6.38608306713908
7.59687947882418,7.56875584746908
7.79860287567955,7.75886449468072
7.92081875395237,7.91174809158475
6.69999179744619,6.47577980213469
7.67778070526608,6.27460950317102
6.44129142946683,6.30121059045553
6.62160209905186,6.88926507578927
6.17848647159523,6.36901384505377
6.67571754470231,6.85801029067625
8.84985783815144,8.20090899705224
7.72010501998836,7.32971225726066
5.52128924448724,6.23713742559996
8.02548830726267,8.34673426066425
7.25963731050576,6.76118833555751
7.19382002601611,8.37679744313375
5.89790947448816,6.15833217006614
7.74364311360447,6.68795644333965
6.31966448658544,7.26561599590057
6.85078088734462,6.94496802588059
8.30102999566398,6.81514012349663
7.89962945488244,7.6227371028773
4.53760200210104,6.16329651585365
8.2518119729938,8.65697848230271
6.42712839779952,6.12895471083085
6.69999179744619,6.54411670724183
5.99139982823808,5.96525411089167
7.4000078224159,7.2526220299301
7.31875876262441,7.48538586267735
5.59687947882418,6.59863632938483
6.92081875395237,6.42916978468747
7.8699880503281,6.77741489081529
4.58502665202918,5.56313050389877
4.50863830616573,5.21715973106609
7.33254704711005,6.88332551362628
7.52461940685664,6.4755865322337
7.60205999132796,7.46182296803489
8.76955107862173,7.91614598768178
6.2839966563652,6.1803900697944
7.07572071393812,7.14785551390483
6.35173759425196,6.75160982366934
7.10001543745061,7.05304144403587
5.92009553233328,6.600709494907
5.97881070093006,6.86904434705999
6.2518119729938,7.15878335457467
6.67778070526608,6.29671273263866
6.90000876645531,6.6858682997021
6.30980391997149,6.42995913886813
8.24412514432751,8.64246927733751
7.10127481841051,6.42271138662193
6.43651891460559,6.20095959544326
5.85387196432176,6.17284618782947
6.28819277095881,6.65866356995739
7.35066514128786,7.54361624169934
8,7.33191633707358
6.76700388960785,7.2544853151571
5.49999967865706,5.4057407429767
6.07883394936226,6.64070723755283
6.09205147838773,6.31763634722244
8.56863623584101,7.96135849373481
6.95467702121334,6.9232630260649
5.3082114755973,6.32748184472465
10.2800061736324,7.6610784567888
6,5.47511335926753
7.87289520163519,8.30806642444627
8.85387196432176,7.79676376644036
3.09151498112135,6.53662020492023
7.35654732351381,6.96522958971668
6.90000876645531,6.89124872616689
7.06048074738138,5.79259290346267
6.2839966563652,6.12905842495711
6.84542388308211,6.61847923476499
6.59006687666871,6.18052172966372
6.08196966321512,5.95801973266767
6.16178077809237,6.47784435056302
6.44369749923271,6.62094802712878
7.67778070526608,6.75409941263119
7.4000078224159,6.37644421502612
6.0670191780768,6.42819436037424
7.27572413039921,7.01624780073613
6.29999760285775,6.45784953235717
7.84771165561694,7.95812715246827
5.88605664769316,6.08510156714436
5.92996213339224,6.07395641731466
6.64781748188864,6.0377008732282
6.1934130656722,6.20549019512109
3.52578373592374,3.78751471019463
7.59998036493484,7.07305744362596
8.50863830616573,8.18899814368802
7.84771165561694,7.62958263566582
5.86646109162978,6.0596793100691
6.46852108295774,6.63749211198179
8.54515513999149,8.22279345607662
6.62893213772826,8.15524930208949
6.22040350874218,6.58651859355939
6.29999760285775,6.41321493865806
5.28692967414436,5.07316269006238
6.65757731917779,6.84385763502141
6.32605800136591,5.97471675013517
4.87289520163519,6.3316383821887
5.58169870868026,6.02322130368421
6.49485002168009,6.2966267695674
6.78251605578609,6.54490240657369
5.73471037413917,5.77581707794296
6.4294570601181,6.38826736378976
6.64975198166584,6.86719525957315
6.72584215073632,6.34245657542616
9.93181413825384,8.26376936075537
7.73282827159699,7.46555384530221
7.18045606445813,7.83820918492222
7.11918640771921,6.83468050663098
5.88605664769316,6.16954137828409
6.13667713987954,6.21327810808023
7.34678748622466,7.03349666156625
8.21467016498923,6.77358146864494
7.12033079436795,6.47805803893354
6.47237009912866,6.34089359334135
5.55284196865778,5.97691686669817
7.43427021216887,7.33579734257997
5.30000020244542,5.91107427188989
6.70996538863748,6.70902845910133
6.20690839982342,6.15484587141987
5.25963731050576,6.23975099875689
6.24718356881173,6.23598291174814
8.52287874528034,8.37368395437963
5.06864384953207,5.79800630788056
6.4007721372262,6.51318026875155
4.06298389253519,5.41087557678754
9.22184874961636,7.97863653281588
6.01637371287547,6.27524876989129
6.80966830182971,7.11443119934707
7.39794000867204,7.67694045873273
7.43179827593301,6.45433741476094
5.33507610656192,6.2591806895935
7.0268721464003,7.00257981863686
8.58004425151024,8.73984635719779
6.52287874528034,6.84809839524533
7.15801519540989,7.38616204694083
6.19382002601611,6.38664154450675
4.92445303860747,6.17697116962786
7.58502665202918,7.7325774025231
7.33998877871067,7.64622859340142
8.76955107862173,8.21685295208922
6.7582045687048,6.74151392696859
5.04935503813277,6.04607485743599
6.44946591340049,6.93232008726939
6.51552932429807,6.7825084491966
8.44369749923271,8.9505723293046
6.98999702587294,8.7296538676137
6.49485002168009,6.59864411234535
6.20999647960951,5.98042638224107
6.18976748200492,6.26485879839143
6.39999691337226,6.41218996398836
7.62160209905186,7.17318512938102
6.39999691337226,5.86323800577869
6.52578373592374,6.09486230063741
6.63000533839157,6.692824301038
6.52201824760297,6.86314009603522
7.17392519729917,6.76846278635812
7.74714696902011,7.83111551877103
7.79997073344623,6.85494279866488
7.07572071393812,6.92449866700951
7.15471587365201,6.83339050477087
6.74472749489669,6.69220985088197
8.04527520902094,7.87740793131627
7.40527605359025,7.89986753749908
7.2518119729938,7.46077972673493
5.0314236648245,6.03834842678077
5.2900003251666,5.80927795556523
6.39999691337226,6.82180059220691
8.07998108397108,8.06276647610319
5.64878365466066,5.94339647924481
6.09691001300806,6.11195031096524
6.02045162529591,6.45843858553114
7.11690664142431,7.22883210099765
6.20760831050175,5.94898589124574
5.70000050388302,6.17630562599847
6.58335949266172,5.80602763759893
6.63638802010786,6.71580742320941
7.85387196432176,7.57491561644623
7.53610701101409,7.03035101034576
7.93181413825384,7.29851136580455
6.90308998699194,6.47760841162474
7.79588001734407,7.24985832355181
6.25963731050576,5.92644385641735
6.57348873863542,6.4069463113873
7.19382002601611,7.17649172956674
6.30980391997149,6.83618595838673
6.49999693194831,6.68931373580687
5.3046934775682,5.88544930286073
4.33000003833538,5.65143077822086
6.59516628338006,6.74968868230845
8.35654732351381,8.50709315721305
6.37263414340727,6.64977040016914
6.88272870434424,6.55341992187385
5.20065945054642,6.27059107268053
7.23062267392386,7.22456823592745
6.88941028970075,6.3829088249432
7.26360349772336,7.29694039379084
5.64187471472335,5.56735319371191
6.91004192904808,6.44208372545084
6.48280410205003,6.09606393879754
6.2839966563652,5.92974659471702
5.98296666070122,6.49496040748378
7.24795155218056,7.21826739346619
5.13076828026902,5.98737572978614
6.43179827593301,6.35843467080697
4.75276345049324,6.02312469546725
5.57154122648442,5.84146791105526
8.17392519729917,6.68329446282013
5.88605664769316,6.83886907618625
6.90000876645531,6.77277237536147
7.13667713987954,6.86952871528807
7.48811663902113,7.21134267639907
6.27572413039921,6.47526326327687
5.61978875828839,5.61092012001159
7.19997064075587,7.32430410457377
6.06098022355133,6.02129698836052
5.89109687233269,6.15411477144674
8,7.79664387401034
6.39577394691553,6.4611264418774
5.19382002601611,6.27878125333584
8.49241396023699,7.57750334343416
5.89999841719865,6.12005848128211
6.01772876696043,6.34733519650066
6.91721462968355,6.82028211862251
6.14935376481693,6.35895988755573
8.03432802877989,7.37591083051311
9.07572071393812,7.90727332197597
5.79588001734407,6.19684987346934
7.85387196432176,7.03397036266547
6.49214412830417,6.93100746968425
7,6.56917970400803
6.22548303427145,6.0950244175886
6.18111458540599,5.99089228498971
8.41486088026394,8.26755846316173
7.48280410205003,6.92916439184499
7.69897000433602,7.66213806869258
8.70005709997723,8.60729163138705
6.48545224733971,6.57042229519765
7.36001575195841,7.68258669770364
8.84985783815144,7.94022182525975
5.72999933218455,5.61702539820162
7.66154350639539,7.97340277111407
5.34582345812204,5.8977955354943
8.12784372725171,7.93494187421525
5.4089353929735,5.31154418572396
7.59998036493484,7.00562380152568
8.14569395819892,7.76008894487817
6.21609642072726,6.05347688255455
8.63827216398241,8.72224643249636
7.67778070526608,7.95743017918356
7.04575749056067,7.78300364414866
5.26760624017703,5.62829353112678
7.4145392704915,7.33987304168239
5.38721614328026,5.384080505235
7.03151705144607,6.43262275514712
6.53313237964589,6.3552390790688
4.97953512892439,5.63649630538337
7.40671393297954,7.28969502656037
7.67778070526608,7.49083650654072
6.53760200210104,6.35375858526525
7.18177410638604,6.75256058379584
6.92081875395237,6.44579404632726
6.47108329972234,6.56747887880248
6.79588001734407,6.41639615408438
5.34000018015935,6.02831815021462
5.92996213339224,5.91693185416219
6.22914798835786,6.33173793491539
5.67325462043468,6.32193799322716
6.09999903484653,5.7863644103147
6.39794000867204,6.4223181154209
7.52287874528034,6.99889299968375
7.43179827593301,7.34669239174034
7.05060999335509,6.45132178510123
8.63827216398241,8.40100732820726
9.03621217265444,8.98444998855738
9.22504531091986,8.7296538676137
6.61026704398454,6.59056575658582
6.13194363817696,6.11401679363083
6.29999760285775,6.41388376048538
5.59938517404789,5.78036900601824
5.85650430529861,6.20515360197641
6.32057210338788,5.85744831776667
7.95860731484177,6.45518211265844
9,8.72650163347507
4.97428461609866,4.94529370197093
5.30102999566398,5.29033765256309
5.54106013810967,6.51048913774347
6.71896663275227,6.42558578769323
6.69999179744619,6.88351746602372
7.05012229596313,6.64705090591777
5.96009435528121,5.94697253997612
5.30233483735233,6.05385252212258
5.8897470826466,6.4520033688998
4.18045606445813,5.31091652994591
7.50003813440381,6.94065192208333
6.49999693194831,6.40808415257042
5.06048074738138,6.01513482045182
7.57839607313017,7.09170650313081
7.45593195564972,7.20498070968384
5.93554201077308,6.49646816151742
6.26201267366657,6.56442791575433
8.82390874094432,8.36009400109531
7.63827216398241,7.37471524526683
7.89143497626717,7.10390642582549
6.36653154442041,7.22304649428927
4.32980054838774,5.12978029723574
6.24227761374342,6.84442786659466
5.59999938302362,5.85476695264213
7.00700490156866,7.3057733449319
7.11350927482752,6.71765070531234
6.62459246669121,6.76022238107467
7.23210238398191,7.2961417934124
5.71486368807877,6.6150045049042
6.59999765407204,6.40775167260615
8.39794000867204,7.22081923636031
6.30102999566398,6.43811446995401
4.8098794763191,5.22964357959345
6.33441900898205,6.20188528634605
5.76955107862173,6.14250149664384
6.92081875395237,6.37198331657935
8.95860731484177,7.70857224673807
5.00912859519851,4.87198644821431
8.74472749489669,8.10986751138518
6.09999903484653,6.16878622439314
6.09151498112135,6.74228941777138
8.06600683616876,8.03442156620685
5.94172585331405,6.13789075621327
8.69897000433602,8.17272934510299
5.94692155651658,6.35846504243711
7.95860731484177,6.12172316758122
8.20065945054642,7.05746697182823
6.18708664335714,6.26233553278282
6.53685386327365,6.92762454936031
6.47237009912866,6.23711303729202
7.14938439315235,7.08265782329342
7.85387196432176,7.50605041929892
6.75202673363819,6.45715114472978
6.05305672930217,6.3772829424248
6.17000191130262,6.19726188422005
7.13076828026902,7.17649172956674
6.59999765407204,6.32627793181325
6.71444269099223,7.65084721691323
6.49999693194831,6.38175353460794
6.45967052520913,6.50292388033488
8.48999148705976,8.20292628257696
5.24184537803261,5.80830511482513
7.4089353929735,7.0721535296583
6.34969247686806,6.29544772892957
5.67019547783593,6.20507466802716
7.10790539730952,7.29023291184655
6.83120797968582,6.27665132657504
5.72056121171298,6.13342938187446
6.48412615628832,6.60332156101996
6.85698519974591,6.14343671260598
7.34678748622466,7.50371674356949
6.82765982637519,6.37390518981705
6.62893213772826,7.31344658443562
6.34390179798717,6.4419127855244
5.89894064509188,5.87204645192132
6.38933983691012,6.14161336765379
8.14874165128093,7.51484319597813
5.69250396208679,5.80552156489625
8.44369749923271,8.62497815005668
6.54999736982681,6.98448155063488
7.84466396253494,7.47139292438778
5.79021698515148,6.2346983227392
7.44369749923271,7.89891902657419
6.95860731484177,7.19251114474961
5.2572748686953,6.27905412295355
7.32771737521108,7.16862458705404
5.49485002168009,4.92567109728285
6.59516628338006,6.73881145408938
6.16909070045356,5.94850099747071
7.60032627851896,7.49763234471749
6.11125903931711,6.07726179343389
7.96257350205938,7.85199539634127
7.08349341288484,6.82472947285263
6.57675412606319,6.67286491878225
6.67778070526608,7.55227601440027
6.4294570601181,6.47594795763763
7.2839966563652,6.72883194967564
6.56863623584101,6.49384721167038
6.59516628338006,6.80641855447809
5.05804158346919,5.70058196927583
8.72010501998836,8.33480405136528
7.76955107862173,6.96033895872476
5.55814782422671,5.51450911875755
6.35654732351381,5.96431978252675
6.30980391997149,6.34519702309924
8.14874165128093,8.12417267347801
7.85387196432176,7.66328022859018
7.2518119729938,7.14611932137947
6.66756154008439,7.62227918692075
5.49485002168009,6.35101250150277
6.37099838071301,6.19050802820051
6.49999693194831,6.65898402132323
7.1337126609158,6.82865406870704
5.92081875395237,6.22265749902439
6.17314805217936,6.46622880091189
7.72124639904717,6.85129589530297
6.43253838058917,6.25751648751303
6.82269441565814,7.01754694464898
7.09957824654226,7.21059372904639
5.57511836336893,7.19733040410538
7.30102999566398,6.36114611099248
6.65757731917779,6.46938757899362
5.73589084369419,6.62988009713755
6.23284413391782,6.17045720679675
6.19999817218203,6.52748448628229
6.22329881601159,6.09309403502583
6.95663772197887,7.23799783511598
6.93367407463796,6.98942997792288
4.97604829257661,5.62222070796485
6.50584540598156,6.67543810919036
7.15801519540989,7.04099082956837
7.30102999566398,7.41455410856199
7.59006687666871,7.93541747740435
7.98716277529483,7.52576740585064
5.85855022659953,6.69779452469358
5.30102999566398,5.50638237760157
6.93322696291497,6.93911845288631
7.29670862188134,6.4073074178659
7.90308998699194,7.91319315523801
7.29670862188134,7.37483563419422
5.56066730616974,6.08039238191412
6.62087585392961,6.49892079279022
6.55340070654303,6.13852391767847
7.53760200210104,7.95980729151754
4.78251605578609,5.67788301557192
6.78251605578609,7.03717748911122
5.76955107862173,6.00271048608803
6.43297363384094,6.44165940549276
6.29999760285775,6.57289040381629
6.01772876696043,6.25441373343077
8.16557929631847,7.71365673049753
6.64206515299955,6.76425905812785
6.06550154875643,6.65067550115436
7.82390874094432,7.88341998000285
6.52150565233919,6.82363054285739
7.27572413039921,6.87101986189323
6.65364702554936,6.60945601844446
6.90483064856824,6.49410017520501
6.43062609038495,5.5793208972731
7.58211330964912,6.8105392049036
6.03857890593355,6.31216141370203
5.59999938302362,6.28042752221015
8,7.31879278648137
3.74382365589845,5.58419983177789
5.24412514432751,5.62055806373967
6.66354026615147,6.83670210912892
6.80966830182971,6.90832873187959
5.63828443769555,6.44296021263058
6.46281077375636,6.73206214396703
6.03479829897409,6.08523270983914
6.89962945488244,6.59271163233082
4.87451873429941,6.06592185414586
7.14266750356873,7.38983838883235
6.70553377383841,6.13825725356727
6.10513034325475,5.75510368930772
7.49485002168009,7.30221460632237
6.5003129173816,6.49466818547032
6.86710023005552,6.43646681584576
7.0268721464003,6.1684383253839
7.79997073344623,6.99396078075318
6.72422809983507,7.73002189907923
7.59998036493484,7.2207911396808
7.72124639904717,7.4682458058451
6.079834916632,6.31037461809729
5.57198432918912,6.24167593389951
6.51144928349956,6.18244899258543
5.68824613894425,6.47344253713469
5.65757731917779,6.35209125945123
5.86646109162978,6.02213142768586
6.7967494760567,7.02150191465414
7.09001630506016,6.73729700620699
7.56863623584101,7.736237418065
6.56997334548999,6.96596610118485
7.06550154875643,6.81943087592081
6.48412615628832,6.05604254344236
8.88941028970075,8.74148775431819
5.76955107862173,5.94222347299913
5.69100897099984,6.17560161000517
6.50863830616573,7.02995423762027
4.54629952664023,5.81959353989145
7.01999662841625,6.53436877951421
6.67778070526608,6.47511530019601
9.69897000433602,8.04883810409364
5.3599998330939,6.09114509554357
5.8353497840657,5.96799384697741
8.63827216398241,8.25302162803157
5.58502665202918,5.98012578280476
7.81815641205523,7.96652384734107
7.00436480540245,7.18633067900358
6.82390874094432,6.46142100152247
7.19859628998265,6.68860929352694
8.69897000433602,7.33608632596884
5.85729775426238,6.29781784146858
5.65757731917779,6.50097724890279
9.34998404752816,8.72988333689516
7.0268721464003,6.88256510043845
7.35654732351381,7.03645616891629
5.92430525764846,6.20080048364666
7.40450377817443,7.42642950582241
8,7.40771545597528
4.48148606012211,5.35662651195292
6.60205999132796,6.90287767168119
5.91221858219046,6.51653739806515
7.68824613894425,7.23566632549548
5.64781748188864,6.66907283553698
6.69400411722919,6.98749709027031
7.67778070526608,7.86819731796445
7.1249387366083,6.68046137998654
7.3601152580837,7.28076954955938
7.97881070093006,7.81444101987094
8.06048074738138,7.66484694570134
6.89279003035213,6.50694129837034
6.78781239559604,6.44892477389164
7.43179827593301,7.29242883056115
6.65169513695184,6.37620391430593
5.76955107862173,6.29438288818042
8.4000078224159,7.96372755669348
7.49268395992359,6.50064488236425
8.6399749108106,8.05650228053244
6.49999693194831,6.46735024582473
4.60497203567057,5.00070346362896
5.81304366453459,6.17138086546126
6.79000270391763,6.81494089237722
8.48280410205003,7.73218984176245
7.57348873863543,7.48935877366326
6.61978875828839,6.29797802221342
6.06048074738138,6.71576827325191
7.94309514866353,7.85251812746986
7.42481215507234,6.55678954266657
5.95860731484177,6.40456916366162
5.05428528594014,5.24514404413222
6.61978875828839,6.39531188102542
3.42583556904848,6.42064897868263
7.76700388960785,8.27732029824862
5.92775010238648,6.1103673400626
6.93554201077308,6.42900447535186
6.36451625318509,5.7643500337718
8.82390874094432,7.98482811496049
6.27572413039921,6.14684126877834
7.74472749489669,7.02567944150645
7.14327110961712,6.62863622366684
8.30102999566398,7.16238089355767
5.58779153411832,6.19866579223663
5.92081875395237,6.05649836413689
5.8000008748032,5.85361783670491
5.65915945018767,6.19255635180752
8.52143350440616,8.64569388646206
7.48148606012211,7.99237843569348
6.59006687666871,6.25311609595158
6.10292299679058,6.30097964095336
7.42136079003193,7.52293120843235
6.70996538863748,6.82658000344669
6.06557730440076,6.72019466067249
7.50863830616573,7.85861347526247
7.42712839779952,7.1502038859852
6.1505805862031,6.111813357838
7.20065945054642,7.28514667767162
5.91542372206567,6.5590933678494
6.04000039969679,6.11500475982104
5.93127624329195,6.73357414968931
5.17392519729917,6.17538162188879
6.59345981956604,7.14503977990573
7.62378814971733,8.15972767757699
7.16115090926274,6.77921242530829
4.14607679195269,5.75885369667051
5.35085993585578,6.62913538771278
5.7594507517174,6.44041411163275
8.44369749923271,7.41701829131148
6.92081875395237,6.38730182481139
7.56066730616974,7.4069603855569
7.7281583934635,8.46058820596497
4.34839251251874,5.65269943216518
6.65169513695184,6.55451331128037
5.95999928552668,6.40091042850397
6.70553377383841,6.50344446321548
7.31158017799729,7.88557205705385
6.36653154442041,6.15914452231994
7.66154350639539,7.56718474781804
7.95860731484177,8.0952394674969
6.61978875828839,6.72638883885405
6.85698519974591,6.93838196911415
7.05898575629443,7.05434593080369
4.88605664769316,6.07457582079171
7.58502665202918,7.81307137356233
7.4000078224159,7.23336352768661
7.16430942850757,8.72728554591067
9.29242982390206,8.58688138465597
5.67674789982831,5.91931255058433
6.19999817218203,6.69092149554079
7.67985371388895,7.42451991759485
6.43651891460559,6.07199992729456
7.18375870000822,7.39744507967812
5.71715139716536,5.8901968001936
5.16039627052916,6.20787854490072
7.36653154442041,6.68233979168023
6.10790539730952,6.21243663489441
5.73282827159699,6.19765739283533
6.65999238200333,6.38001582303466
6.97469413473523,6.9998576029599
5.79588001734407,6.17267830043495
4.75461072882879,4.89830937607176
6.81247927916354,6.95281533520556
6.70114692359029,6.75145813746323
6.33254704711005,5.82001329410494
6.16717187046065,6.16895394215349
6.01637371287547,7.29969765817428
6.86264588862927,6.3561586318479
7.24412514432751,7.10107603807247
6.65757731917779,6.57976985739729
7.53461714855158,7.79381293347632
6.55876060212885,6.35906177319966
6.89861384275736,6.7079466199402
5.4789927475914,6.31747943850033
5.89999841719865,6.49266565209125
8,7.80622760105195
6.65757731917779,6.62124882068917
7.13667713987954,7.63746017283835
4.67571754470231,6.83131669717021
6.55909091793478,6.0991389741977
5.79588001734407,5.88247620179708
5.87080009301678,6.14345142380731
6.31807167349686,6.49536566718039
8.01772876696043,7.79176100979013
6.69250396208679,6.81340535633588
6.61439372640169,6.5778430899019
5.67778070526608,5.92166742964473
7.57024771999759,7.02493290820937
5.94730605807503,5.92699889149004
5.82390874094432,6.31340962586262
7.56703070912559,7.57030094335374
8.64016451766011,8.21140856064316
6.07915692623759,6.41600185411771
4.62433638603911,5.81204164035288
6.42136079003193,6.56158445195189
7.32882715728492,7.18103564896349
6.25963731050576,6.08195761759913
5.70996538863748,6.10562038280953
6.62160209905186,6.70288800591424
6.72932116385529,6.99143336673544
5.82102305270683,6.04480645516133
7.09151498112135,6.9371668532497
8.75995022788735,7.11725458791823
7.25963731050576,6.77360605818438
5.36653154442041,6.12070746473719
6.48148606012211,6.4137425350461
8.2003149090909,7.80827957001537
6.38827669199266,6.37907960596184
7.5431786519784,7.22395077800208
6.49999693194831,6.41653311452885
4.33208031468264,5.00202472865283
6.79588001734407,6.18561237328365
7.95860731484177,6.90016127345183
6,6.45287796965098
7.11350927482752,6.55520784762811
5.99012436628784,5.94434511263489
6.16115090926274,6.11274325733348
6.10790539730952,6.12288785678545
6.92081875395237,6.25863639636817
5.29370904274124,6.52668934768987
6.01322826573375,6.25436857610718
6.29157909986529,6.36256813456248
5.82165626102378,6.81044047355391
7.05060999335509,6.85181376233283
6.55284196865778,7.03816742820565
7.41998788747058,7.47252256386915
7.95860731484177,8.22358127754122
6.47495519296315,6.25157135148296
6.89962945488244,7.21547992101789
7.01099538430146,6.93204728625475
7.10457745396059,6.18473381735081
8.52287874528034,7.65219102018549
6,6.38771033932098
7.16749108729376,7.07746126717175
8.21467016498923,7.62321626910746
7.4672456210075,7.53283185598828
4.13956615970392,4.87128389676235
7.92009553233328,8.09459694453174
8.53760200210104,8.53326337314529
6.18375870000822,6.39368401476456
8.4089353929735,6.38324366174905
6.85387196432176,6.22919869264506
7.63264407897398,7.19949403523926
7.83564714421556,7.62981970492457
8.30627305107635,7.4143693584388
8.92081875395237,8.00324105479942
6.68613277963085,6.31864112165642
8.67778070526608,8.94418222395654
7.0268721464003,6.79803324028697
6.06048074738138,6.49999242275065
6.25963731050576,6.52822649725582
6.38721614328026,6.26102413545817
6,6.42416055406036
6.89001670518011,6.91791193181648
9.30102999566398,7.28991378958919
6.98716277529483,6.52874336692058
6.20411998265593,6.63217079160139
7.09119340059433,7.06668661621111
7.95860731484177,8.26176999442932
7.24488773360493,7.54847843513763
6.28316227670047,6.35264199484482
6.49999693194831,7.1173489805036
8.21824462534753,8.47327939533262
6.64016451766011,7.75738425337363
7.17999569319168,6.77541288923246
8.38721614328026,7.26729811446768
7.30980391997149,6.62936015847832
6.20065945054642,5.98370956753923
6.55284196865778,7.28632859012075
7.18045606445813,7.18984513568559
6.61978875828839,6.35073579582824
5.58502665202918,6.93966043552158
7.16749108729376,7.10223690520351
6.69250396208679,6.32640751276712
6.59999765407204,6.48995989104491
6.67778070526608,6.50301373263134
8.07727454200674,7.24503481187618
7.07572071393812,7.65401119331189
6.39999691337226,6.51085137582849
7.4000078224159,7.26750889539123
6.79860287567955,6.59416429979605
5.85387196432176,6.47237071720116
6.87942606879415,6.86207332432699
8.79588001734407,7.53143560174694
6.67778070526608,6.73457704001091
7.58502665202918,6.9854066600073
6.86646109162978,6.32545775312948
5.11918640771921,5.79862296298545
6.51481822861262,6.60703116219942
7.63827216398241,6.78305525132661
6.08000196903598,6.12596069968621
6.33629907461035,6.33134093557359
5.42021640338319,6.62137720927526
5.67530608613823,4.92750286624015
7.79588001734407,7.53073941563043
8.56863623584101,8.3306259751454
8.10790539730952,7.54859060944524
5.97387548325455,6.67227780934103
6.59687947882418,6.63947256536039
6.29242982390206,6.29699547317506
6.53760200210104,6.68265079926682
6.24795155218056,6.16559955354109
8,7.59202133640609
7.11036219959333,7.1966335601221
4.78251605578609,5.65859475822684
5.27245874297144,6.42339642666643
6.87690004474443,6.94697693842169
9.45593195564972,8.34455076555893
6.0670191780768,6.40631528636377
6.32239304727951,6.42755411909142
7.20760831050175,6.48408749031226
6.82681373158773,7.40678348743221
6.69999179744619,6.60596795108455
7.51570016065321,7.19558956234093
5.65757731917779,6.07409313991215
5.36191027801549,6.29166559537455
8.15490195998574,7.17355550368493
7.44369749923271,6.94590365525867
6.39999691337226,6.20058028996823
8.69897000433602,7.85531562880298
8.46852108295774,7.81269567337824
6.81815641205523,7.08938521910141
5.02710321556346,6.35545113365041
6.48017200622428,6.68305998730191
7.13667713987954,6.98636563304548
6,6.09511734667808
8.76472412331295,7.70817934528158
8.45001638884031,7.44807228971596
5.36001575195841,5.83895828078752
6.90000876645531,6.95393600399661
5.95860731484177,6.25272669942293
6.90000876645531,6.60763882857292
6.19999817218203,6.33478465796884
6.59999765407204,6.88718691508374
7.65081964100362,7.871453981951
5.2548471049231,5.8496635457643
7.42805836492554,7.38831455862974
6.64781748188864,6.38375840204756
7.15490195998574,6.7818526557829
6.50445566245355,6.38217516869795
6.39999691337226,6.64835260675956
6.65757731917779,6.27130287854321
7.44977164694491,7.33194667849027
6.49999693194831,6.44601638715408
7.34103515733556,7.46503586101562
8.29998893767789,6.66089381404693
6.53835143193654,6.4723332274702
7.22184874961636,6.20087709346456
6.67987449402636,6.66864460225436
8.68824613894425,7.9441307420325
5.95311480916229,6.205363987383
6.95000714307986,7.16193500079335
6.00436480540245,6.18060984991184
7.46852108295774,7.73592366753704
6.05403929642243,6.2809230415577
7.27572413039921,6.99403920123273
9.03151705144606,8.00418642583164
5.30102999566398,5.44282856010019
6.80966830182971,6.57981384467937
7.29998893767789,6.73638745750379
5.83150251647697,6.126656187151
6.50015489592673,6.23713297233773
7.22184874961636,7.55457993830196
6.7999981345934,6.42485659743439
6.19999817218203,6.0712063118071
7.11069829749369,6.72635819464374
7.58502665202918,6.62336475932119
6.49999693194831,6.38893321703981
7.86966623150499,7.37918639691808
7.89279003035213,6.88932479277632
6.59687947882418,6.40784240744534
6.19999817218203,6.51173367198582
7.20866029603486,6.6401557292611
7.22184874961636,6.84782977366977
5.80687540164554,6.40014376534696
6.04431224968649,6.37212337331001
7.1337126609158,7.15263251342877
7.16621562534352,7.21102140349868
7.50863830616573,7.09154071325217
4.94537162668394,5.73489479840527
5.35575841415627,5.69765709454678
4.39750593119272,6.48090014968818
7.2839966563652,7.14337229265193
5.23306690616272,5.67431952517209
6.3767507096021,5.96301355641485
8.03151705144606,7.14088570557396
8.92081875395237,7.59588079278329
9.38721614328026,8.08077576502444
5.47820835036088,6.60697207326997
6.69983946304865,6.79454362484915
7,7.21350684631603
6.31069114087638,6.25698285626722
4.17392519729917,6.61952693919291
6.25258819211358,6.35282101233696
7.2518119729938,7.56810104080903
7.36351210364663,6.8292400729955
7.60101893334187,6.56527434444482
10.568636235841,7.73330712812009
8.13667713987954,8.40073246123753
6.35375315790467,7.4047974544188
6.0329202658555,6.31703574239308
6.67366413907125,6.67908411076678
7.77469071827414,7.10379778285584
7.11918640771921,6.33414759474407
5.92009553233328,6.27956394940434
5.78914663468511,6.40747532574274
7.20999647960951,7.21739858218708
6.44369749923271,6.53117273797759
6.82102305270683,6.49077534895714
5.49999967865706,6.37407250564789
7.82390874094432,7.71848751107001
5.28124926526034,5.79005969455105
8.33724216831843,7.90543457359843
7.3767507096021,5.79044195481563
4.72584215073632,6.00613855882339
8.49485002168009,7.60339426024502
6.19156957132451,6.47432430203938
8.14266750356873,7.13405651606913
6.74978743503802,6.9474726194454
7.95860731484177,6.91594190430801
8.67778070526608,7.72909267088397
6.0096611452124,5.84649113113007
5.8000008748032,5.91388520709798
7.18022581782318,6.5148605240551
9.08354605145007,8.58571893719338
5.36051351073141,5.67092023884048
5.96188077739124,6.68841456082956
7,6.65110617179601
7.15002808767115,7.86466491849346
6.74957999769111,6.55512589752041
6.95999136398646,7.54168763731654
6.3342642663816,6.24257870336148
8.38721614328026,8.53584566115481
6.28232949699774,6.36723720802763
9.57675412606319,7.78362696799828
6.03857890593355,6.1497798064115
5.74999985591871,6.70927695140681
7.53760200210104,7.01316122601851
7.37263414340727,7.55610473512742
5.91399629438162,6.44824252984086
6.90000876645531,6.4236026057619
6.19999817218203,6.40653909928838
6.19999817218203,6.37767582973093
6.35000349253396,6.03534932761165
6.04769199033787,6.14524492250108
6.51286162452281,6.49742487869347
6.70553377383841,6.50888881932068
7.25963731050576,6.2315423944919
7.10001543745061,7.02460306062048
6.63638802010786,6.35647786344651
5.3631110930162,5.82051324999621
5.88605664769316,5.92958482397496
7.3829996588791,6.87443997416137
5.87942606879415,5.90847392346747
8.95860731484177,7.87159155839163
6.3767507096021,6.14868930802977
6.74472749489669,6.59189450729112
6.65955588515988,6.10083961876546
9.70005709997723,7.7936074101528
7.32790214206428,6.8685731675586
7.4000078224159,6.21531120722687
6.68193666503724,6.76724494176681
7.05060999335509,6.16648553829547
7.45593195564972,6.41245942865196
6.30530707366852,6.43542136569867
7.31875876262441,7.08324908937537
8.99012436628784,8.49881413960005
6.07114346641809,5.65850875262228
8.0268721464003,7.31414749913992
6.14874165128092,5.93100842436787
6.28143188493469,6.41143866378999
8.14266750356873,7.41797289000144
6.67778070526608,7.06028139133162
8.15490195998574,7.33844615960236
7.10001543745061,6.85602940199933
6.56863623584101,7.25932722041116
5.8937750951032,6.0930700751751
6.39469495385889,6.60569810712744
7.63827216398241,8.16905690430298
5.84163750790475,5.84666398797442
7.79588001734407,7.50603687515756
6.71669877129645,6.73240592612949
5.76270766243254,6.49203705452689
6.50501102631683,6.22031447731877
7.59998036493484,7.40256002217952
5.73936820888283,6.12839550585111
6.49999693194831,6.4357708303618
6.57839607313017,7.08874762496881
7.4814202629124,7.26186420110608
7.36653154442041,6.8494087148126
6.39113180017946,7.22880606136802
7.67778070526608,6.52228135305751
6.59999765407204,6.13949139313716
6.55284196865778,7.09069389653987
7.65955588515988,7.58816024030259
7.23195418589758,7.18531562554492
8.19997064075586,7.39514124564144
6.48827702351802,6.37554802850675
8.29242982390206,7.62573971580959
7.97469413473523,7.63043454032989
7.19997064075587,6.78824460501493
6.73024195871642,6.44422929879067
8.99567862621736,8.51067265118389
8.4000078224159,6.91417163931803
6.82390874094432,6.65491417798801
6.06905096883248,6.1431257295263
5.81644546638114,6.01136122733366
6.74472749489669,6.1345784675964
7.03399914237122,7.14601168420987
5.72124639904717,6.20445192144369
6.80966830182971,6.70397670287753
4.51999305704285,5.75854808303145
7.70996538863748,7.21534955520378
5.20411998265593,5.74837689372497
7.26360349772336,6.77464892567649
6.45099673797421,6.44394636848723
7.23657200643706,7.01573963626583
7.35951856302958,7.61993321117399
6.62342304294349,6.36106937464206
6.13667713987954,6.29650527883314
6.59006687666871,6.81673264264501
6.14569395819892,5.90550354598895
6.29999760285775,6.54289621699586
7.34872198600186,7.44038515151661
7,7.17773585037648
7.09151498112135,7.15248435863837
6.5003129173816,6.50268215047126
8.76955107862173,8.72965922973595
6.79317412396815,7.37986023641023
8.10001543745061,7.5746790653027
8.20760831050175,7.52307708646033
5.88605664769316,6.41890610287657
5.89999841719865,6.33937644906728
6.18976748200492,6.32529007243444
4.2839966563652,5.81207401706414
7.14327110961712,6.89377387607929
5.76220500672608,6.49453515925022
6.24412514432751,5.9046533134544
7.35902194264167,7.63302494464686
5.40000018605658,6.49918600000107
6.48412615628832,7.13266400133983
8.69897000433602,8.37064443505829
9.68824613894425,8.63778343460507
5.25963731050576,5.99262805068413
5.65266998468305,5.78402036989253
7.12842706445412,7.37109972206374
8.39794000867204,7.89075419497749
6.46470587995723,7.09990661076077
8.52287874528034,8.01723951952955
6.19382002601611,6.29058050648504
7.05060999335509,6.5075561244405
5.56224943717961,5.93371039688172
6.72178388520979,6.22953584609667
6.34678748622466,6.01008627644282
6.25963731050576,5.96103635390701
6.43640027111847,6.560347148357
6.49999693194831,7.3180917856723
6.34008379993015,6.16158659967122
7.29242982390206,7.1096884787182
4.02569560223821,5.1101681991226
8.07058107428571,7.19758229814081
6.54363396687096,6.42187586298622
6.49757288001557,6.95732992162691
6.25884840114822,6.24431878708876
5.62911698322239,6.04502038010806
6.82390874094432,6.21958936122075
6.69897000433602,6.9775444363557
5.23724643506663,6.06417656913621
8.05551732784983,7.67271023797051
6.47366072261016,6.26374578624306
7.86327943284359,7.58387285277152
6.49661793652627,6.67423636231144
6.63264407897398,6.17314445673903
5.59999938302362,6.86978719815695
6.97963871735229,6.8837424093721
8.42021640338319,7.3911404499478
8.49757288001557,8.09241206307988
8.61978875828839,7.85986285483758
5.88605664769316,6.29591193616563
4.60000007460618,6.35062123168065
6.66756154008439,6.41359968235957
7.01010543628123,6.78855246391225
7.82390874094432,6.9999690314461
7.44611697335613,7.57438353642382
5.817870785947,5.65527161088603
7.76955107862173,7.48073848886639
6.57024771999759,6.15352834973678
6.70774392864352,6.94180771000955
6.75696195131371,7.20492626468987
7.0329202658555,7.69457532082512
6.58502665202918,6.44406333024512
6.97367106127765,6.94997987194199
5.20065945054642,5.91679575784185
7.92445303860747,6.36323597929042
6.87143919344068,7.078589391923
8.10001543745061,7.85827569946329
4.42021640338319,5.18800614904681
6,6.18605306741889
5.77006231409207,6.35513469072184
5.81844222613721,6.20334082689034
6.82390874094432,7.62463820226981
5.55814782422671,6.41773610699829
6.54515513999149,6.85011119453834
6.83297820420974,6.48133357295873
5.83803338363593,6.10499368309296
5.13076828026902,6.48888967750495
8.43179827593301,8.43119546695679
6.84810943126491,6.84804987765967
5.76000020711313,7.50421452710234
5.58922276662279,6.39484031693886
6.27984069659404,6.28586415155635
7.41907502432438,7.4372371620133
5.44466367200473,6.49513098374113
7.50863830616573,7.59476333091507
8.51999305704285,7.81944029599134
6.14935376481693,6.28990873635344
9.22914798835786,8.1351481588265
6.94692155651658,6.43528817686109
8.30102999566398,8.09160702942107
6.09999903484653,6.79137051691998
6.5185573714977,6.12170470984107
5.74424521335696,5.92057702592636
6.92445303860747,6.2661786158971
6.65955588515988,6.39719106852237
5.44611697335613,6.34279246166406
6.48148606012211,6.85901389493466
7.69897000433602,7.42742261205383
6.18575240426808,6.22536400423183
8.36653154442041,7.90406865686934
6.82885884897162,7.30589462951621
6.14569395819892,5.95543059856415
6.28988263488818,6.34610391177617
6.02227639471115,6.92142240623385
5.63245772647942,6.3949520160369
5.25212229418021,6.23911712092297
6.49999693194831,6.31633326122761
4.81401895645319,6.00556555653543
6.60994850354101,6.85749601251414
5.60205999132796,5.71846913161646
8.69897000433602,8.3306259751454
6.09999903484653,5.84860147150916
5.00248256058527,6.24104669452587
5.59999938302362,6.09528699708587
8.85387196432176,8.299487894163
5.6458915608526,6.45687582379871
7.48999148705976,7.5138775018031
7.32790214206428,7.35261756968822
7.43179827593301,7.02716205112619
8.24412514432751,8.14779196575474
8.59006687666871,7.51367810883404
5.74472749489669,6.03636031259919
6.83356988615672,6.48595377529884
6.76110120777216,6.88062207942853
6.02319166266193,6.40405052479759
7.02424661096371,6.92611959118913
5.84985783815144,6.06882916285736
5.3767507096021,6.30885199018377
7.05012229596313,7.32406856376361
5.98842955640272,6.09593495149208
6.24412514432751,6.18649454520057
6.70774392864352,6.49802650442436
7.20760831050175,6.86814631947726
7.18375870000822,7.23268782628274
6.92081875395237,7.39875730194301
6.59999765407204,6.21874260831106
4.3799999827794,5.76213373999205
7.32330639037513,7.91841037729519
6.49999693194831,7.72955183021576
5.66174276975374,6.41691671578199
6.85193746454456,6.5676491559233
8.7619538968712,8.77721740707751
6.96657624451305,6.91662731669219
5.93930215964639,5.83686309110584
6.19999817218203,6.24860692872365
6.09999903484653,7.54673385675703
5.46092390120722,6.39637024235885
6.46092390120722,6.14499544229529
7.37059040089728,7.50666272739384
8.16115090926274,6.9973768119318
7.73282827159699,6.31333692982972
6.90622821850127,6.62639638781171
7.4000078224159,7.17979394211247
5.8353497840657,6.10140191863751
6.92811799269387,7.32591137460247
5.82999952673565,5.97844745994928
7.96018944585165,8.17640961306268
8.82681373158773,8.22679242109275
4.90496584158571,5.30461543688152
7.38721614328026,7.33425520512594
6.07432700607876,6.10887370366136
7.34198860334289,7.45606589802632
7.58502665202918,7.3807251512013
5.29073003902417,6.72837223929658
7.91721462968355,7.93312499625182
5.04575749056067,5.670567048317
8.77989191195995,7.50881052641168
6.52870828894106,6.75142164978573
7.23773417459046,6.87471188333522
8.4089353929735,6.22356960937115
6.67778070526608,6.79431016898804
6.14996674231023,5.72497483129014
6.0268721464003,6.08631764529804
6.04076536577057,6.06999632978372
4.85387196432176,5.35669753810397
7.45593195564972,6.86961598188261
5.42643222696078,6.55100974501438
5.6190655366693,6.44081501324205
8.68507994400758,7.32047963162395
6.37571790416433,6.60237799170721
6.63827216398241,6.59805779287651
7.15552282425432,6.8484858930771
6.65188993151976,6.16961376109541
5.04575749056067,5.21902568451304
9,8.1383433763676
8.01367622294923,7.77433540216231
6.50723961097316,6.18902977694616
5.91973437266016,6.31655452082187
7.36653154442041,6.44881947866417
7.0017406615763,6.50399830692619
7.43997375108711,7.59398009215902
5.88140463477624,5.92539058229206
7.06803388527183,7.16438483293358
8.07417242537526,6.75913882494076
6.53461714855158,7.10665804352292
8.110026361596,7.10527012736243
6.2958494831602,6.25710556598223
7.58502665202918,6.79026017971897
8.34678748622466,7.82385852875797
7.42021640338319,7.53643482797188
7.76955107862173,7.50859149364323
5.56575054760352,5.99690077157721
6.86296254521049,6.92921536971701
5.73025362686923,6.06640881379096
7.1249387366083,7.28986660272853
7.49052864789745,7.30503975851207
6.79588001734407,6.70524521964153
7.70996538863748,7.55217333138577
7.35163998901907,6.90853768262456
5.31224815221034,5.75847878820882
5.85387196432176,5.91232616000337
7.93930215964639,7.63781157234883
6.73508777540724,6.46237258990229
7.41060897686307,7.16079628401186
6.1187352045004,6.52159850439248
7.12262865413023,7.31031855602109
7.58502665202918,7.24158144353666
8.19382002601611,8.91262776296216
7.35556141053216,7.26186200483305
8.94692155651658,8.0467476052855
6.01278077009199,6.08112910038799
7.18045606445813,7.17784943627345
8.19997064075586,6.88025438036591
6.57675412606319,7.05117923989566
6.1944991418416,6.64057451261121
6.24412514432751,6.63045413857432
7.48999148705976,6.57064652434824
7.43062609038495,7.4538642870697
6.07520400420209,6.18116672126375
7.44733178388781,7.93169479142367
7.41341269532824,7.21962909405786
5.59687947882418,5.92127856904964
7.42021640338319,6.72376378693502
6.66354026615147,7.34955091657775
8.47495519296315,7.47286097075574
7.71219827006977,7.4427376509432
4.69897000433602,5.86697679312324
8.09691001300806,7.48654845469965
6.06198090252379,6.43812000286569
6.83863199776503,6.85549877340117
5.31875876262441,7.56829303090678
6.39999691337226,6.05115842827156
6.24260397120698,6.57468957276072
6.59999765407204,6.33740503108912
6.11350927482752,6.23601718626555
7.70005709997723,8.00677517191387
5.93144310492764,6.22627628413344
5.25766771764285,6.07901188328148
5.78225292673721,6.09561663101062
8.47886191629596,7.95808376067677
6.57186520597121,6.27285397560263
6.3777859770337,6.39950053433165
5.8000008748032,6.02850921404319
8.07058107428571,7.71129685291463
6.4089353929735,6.26585225310221
6.27475010944143,6.43056938950828
8.88605664769316,8.27489200280469
7.11918640771921,7.05512812078659
6.19999817218203,6.5463457447062
7.16115090926274,6.84341534719092
6.69000807121882,6.525599095892
5.53910215724345,6.23727099350024
7.16494389827988,7.0549732889889
6.08990945440593,6.13903172791294
5.70998320621249,6.58440362333104
5.53017798402184,5.68943377849627
6.91721462968355,7.14595726632645
8.97881070093006,8.39985231252203
6.27002571430044,6.41851734779502
6.59999765407204,6.52877914931327
6.67985371388895,6.17619114135555
6.7594507517174,6.9156466519987
5.69983946304865,6.40711134431842
7.62160209905186,7.62358341321735
7.70005709997723,7.50226422758301
5.25289906863501,6.89699168749418
6.44490555142168,6.2440471922445
5.63999955502035,6.7417703554073
8.26760624017703,6.29599728546048
6.5016894462104,6.32315851914045
6.31695296176115,6.82187751927261
6.11345287660889,6.21444680896122
8.06048074738138,8.44181660727486
8.13076828026902,8.08704794004451
8.53017798402184,8.34406335446466
6.70996538863748,6.27193436966215
8.02227639471115,6.86118090207144
7.54622314030956,7.92446243311931
7.34678748622466,6.88897028187282
6.97469413473523,6.96029870857927
5.92081875395237,6.23453794227201
6.69999179744619,6.34176980937449
7.70553377383841,6.7778352568829
6.02965312376991,6.34432786349074
7.39794000867204,7.00550743610766
7,7.83618841990377
4.2998156703778,6.14268604369997
7.15490195998574,6.28905168477694
8.70333480973847,8.76308293958185
7.53313237964589,7.72429651101845
7.67829803049926,7.17847192913393
4.94119451332409,6.1813215556585
5.58502665202918,6.35551173081922
7.01322826573375,6.64659705715959
5.6891219659691,6.16376756500567
6.20760831050175,6.06074601619088
6.03105031901866,6.0233379429093
6.01999662841625,6.46157863318811
8.72124639904717,8.36304382633843
7.86012091359876,7.87609087015662
9.20760831050175,8.69325146313242
5.98023379335045,6.55532194735833
6.09999903484653,6.22899955852811
7.61978875828839,7.5849875295392
6.46597389394386,6.13873681666945
6.51999305704285,5.84160471812584
7.30016227413275,6.81077183574727
5.34678748622466,6.03826006128851
5.26520017041115,5.98492414008131
7.86012091359876,7.73053955523104
8.33724216831843,7.45913178811034
7.4089353929735,7.54573277557184
6.47366072261016,6.37091594940968
6.73579628796077,6.53466047038623
7.10790539730952,6.58770931449188
5.64917072641703,6.09086742119981
6.46852108295774,6.43069100655944
5.70166445691738,6.17328170341274
5.8699880503281,5.96057178464344
7.49485002168009,7.26265509319774
6.59999765407204,6.54548013915507
7.56863623584101,6.17622016602165
6.34015032715607,6.22302995500102
7.37417328671429,7.30028932999792
7.60906489289662,6.8141394127113
7.50003813440381,7.38457636417546
6.86646109162978,6.41431790764306
6.82681373158773,7.19672991179059
6.97469413473523,6.5450482942587
6.0301183562535,6.1621131110019
6.29800052511036,6.22879268987112
8.23657200643706,7.72344167937004
7.13424477592855,7.08132472672421
6.28916786504455,6.37307030007199
6.22914798835786,6.91297158980888
6.19314197048118,6.02118544586751
6.25963731050576,6.18614456161276
5.8399999311187,6.2987535007145
6.2518119729938,6.58093030121982
6.45999605514997,6.11373519093281
5.90934170569186,6.1843572699204
7.36653154442041,7.59126568236955
8.11350927482752,7.81539457882431
8.09691001300806,8.0170156786797
6.97881070093006,7.45779136259398
6.69999179744619,6.21752843609687
6.06298389253519,6.29254017380973
6.22914798835786,6.20752683369878
6.10707101764479,6.21744314019944
8.24412514432751,7.81504010856509
4.61999998533896,5.4050803421249
6.24565166428898,6.50884648155473
8.03105031901866,8.20799163659458
5.84863014975254,5.88058452331151
6.33077612606919,6.43817413388959
6.56863623584101,6.19012360435469
8.55284196865778,8.72883535117764
6.92372374459578,7.05303668320543
6.64397414280688,6.56178677769535
6.43179827593301,6.25982202608476
6.85698519974591,7.17364403621909
7.50003813440381,7.21392671213556
5.18628560811885,6.25554630868942
4.74472749489669,5.95585950125602
7.72124639904717,7.42926841277432
7.58502665202918,8.31230787520265
6.36957212497498,6.26102557481326
6.19999817218203,6.44761282008387
6.55595520408192,6.96589455847403
6.11861534322943,7.11834519854656
6.02205016336258,6.39507487577002
5.56863623584101,6.09955144102625
6.16430942850757,6.32734677873132
7.38721614328026,7.10705338051836
5.42458120878564,5.41959313417168
8.33724216831843,8.90732872242056
10.2401811226252,8.69077088104008
6.42862895474668,6.59861038794995
7.87942606879415,6.46452368602874
6.95999136398646,7.75533881084513
6.60730304674033,6.88593622018265
5.18708664335714,5.8179481969564
7.67778070526608,7.56343014453918
7.82390874094432,7.74105262441613
7.33998877871067,7.28732462731358
6.15926676538819,6.18425270152303
6.49999693194831,6.44909949810119
6.30980391997149,6.36112537293198
6.97881070093006,6.61674533789246
5.90308998699194,6.58263647901466
6.39469495385889,6.5677167324452
7.24146657776271,7.23221351180146
5.53910215724345,6.19187590853582
6.06656333217372,6.0359770621962
6.2266963727249,6.72584091110467
7.10001543745061,6.55623592959681
6.76955107862173,7.41650837442378
7.20065945054642,7.00898959082921
7.25963731050576,6.67488569956015
4.87582194452532,5.3977581902977
7.64016451766011,7.13515278236405
7.31966448658544,6.53525177823944
5.43794517034362,6.14681135391288
7.74472749489669,7.58323990339631
8.46852108295774,8.82313315581276
6.24033215531037,6.40995742925035
5.88941028970075,6.12288787002408
6.01637371287547,6.17074276442168
8.49620931694282,8.74428439527484
5.70000050388302,6.38213162216241
7.69897000433602,7.81684812032836
6.73282827159699,6.33365106781544
7.4000078224159,6.93182285657427
4.91567400498317,5.98066148393453
8.14996674231023,7.7240260433534
6.39999691337226,6.38507585850706
6.53955321611928,6.54538136283985
5.58787559382668,6.49865758611871
6.26000069059803,6.8925414229011
8.19044028536473,7.64508930757201
6.53536144090497,6.26792324292577
6.54060751224077,6.24012258257289
7.27572413039921,7.01976497368823
6.54999736982681,7.18914466932141
7.07058107428571,6.92922087447907
7.50003813440381,6.75184154586627
9.13667713987954,8.29561036333117
4.96657624451305,5.01310018379253
7.16494389827988,6.87438935666057
6.82973828460504,6.89117866038422
7.09151498112135,7.00141830957949
6.41884710803371,6.28334053336778
8,7.08344044390831
6.51999305704285,6.27146630571368
5.53298418156156,6.16707782225011
6.2839966563652,6.16754423291159
5.46218090492673,6.21020466418669
6.57675412606319,6.44476974199513
7.78781239559604,7.34169030804373
6,5.99333651148921
8.18088398947587,7.13042443853185
6.21183162885883,6.67091037012896
6.04866248120408,6.38053730761665
5.88605664769316,6.34812933188134
8.16685288808721,7.58581091841654
6.87289520163519,6.54896896728304
6.59345981956604,6.51543965154799
8.76955107862173,7.96783709276679
6.98001184040871,7.27628950018086
6.53017798402184,6.74511490099358
7.45967052520913,6.8483109541908
7.26360349772336,7.31967197313823
6.39999691337226,6.07720033025568
6.24412514432751,6.47831874326157
8.32790214206428,7.98833578230215
5.77910775078048,6.18315271589927
5.42250820016277,5.99341042923173
6.70245833218184,6.20652214668988
6.42021640338319,6.48386538534597
8.39794000867204,7.50163911505812
6.19859628998264,6.61991115590032
5.58435902010385,7.01857918618839
6.70114692359029,7.05886416784707
6.95000714307986,7.19325234420641
5.12243574121124,5.96512629836929
6.08354605145007,6.32200020504615
6.67778070526608,6.74591477868453
6.5543957967264,7.14627607453369
6.9038376166468,6.52163068300646
8.36653154442041,6.98003678842242
9.2518119729938,7.33241660847646
8.2839966563652,7.38370156590557
6.54668165995296,6.36746420969459
9.0268721464003,8.74785600903684
6.50863830616573,6.41231086129164
9.29998893767789,7.28795836032007
6.18000226648922,6.32411901644699
6.37365963262496,6.94853918783341
6.13667713987954,6.15498004400483
7.27547837288144,7.26120203941929
6.64781748188864,7.10344955213244
5.73518217699046,6.27490644731983
5.8000008748032,6.26110326200814
6.38721614328026,6.03739851301077
7,6.96813145460154
5.80299527197695,5.01877461372232
6.67778070526608,6.5348769365594
8.16749108729376,7.59238372624037
5.95860731484177,6.27438537182319
9.49485002168009,8.77721740707751
6.66756154008439,5.97346217008472
7.20065945054642,7.11354483168467
6.74472749489669,6.18332103610716
7.57024771999759,7.36806139601861
4.69897000433602,5.7553485406739
6.39999691337226,6.25521248736782
7.98716277529483,7.94910076500403
6.07941756653078,6.50472928768622
6.61978875828839,6.29003926104138
6.7999981345934,6.68689817450949
6.39999691337226,6.61597800967673
6.79048498545737,7.09502115549392
8.21041928783557,7.47846932425981
7.48004081924793,7.74823918906653
